Terminals unused in grammar

    STRUCT
    TYPEDEF
    UNION


Grammar

    0 $accept: translation_unit $end

    1 primary_expression: IDENTIFIER
    2                   | INT_CONSTANT
    3                   | FLOAT_CONSTANT
    4                   | CHAR_CONSTANT
    5                   | STRING_LITERAL
    6                   | '(' expression ')'

    7 postfix_expression: primary_expression
    8                   | postfix_expression '[' expression ']'
    9                   | postfix_expression '(' argument_expression_list_opt ')'
   10                   | postfix_expression '.' IDENTIFIER
   11                   | postfix_expression PTR_OP IDENTIFIER
   12                   | postfix_expression INC_OP
   13                   | postfix_expression DEC_OP
   14                   | '(' type_name ')' '{' initializer_list '}'
   15                   | '(' type_name ')' '{' initializer_list ',' '}'

   16 argument_expression_list_opt: argument_expression_list
   17                             | ε

   18 argument_expression_list: assignment_expression
   19                         | argument_expression_list ',' assignment_expression

   20 unary_expression: postfix_expression
   21                 | INC_OP unary_expression
   22                 | DEC_OP unary_expression
   23                 | unary_operator cast_expression
   24                 | SIZEOF unary_expression
   25                 | SIZEOF '(' type_name ')'

   26 unary_operator: '&'
   27               | '*'
   28               | '+'
   29               | '-'
   30               | '~'
   31               | '!'

   32 cast_expression: unary_expression
   33                | '(' type_name ')' cast_expression

   34 multiplicative_expression: cast_expression
   35                          | multiplicative_expression '*' cast_expression
   36                          | multiplicative_expression '/' cast_expression
   37                          | multiplicative_expression '%' cast_expression

   38 additive_expression: multiplicative_expression
   39                    | additive_expression '+' multiplicative_expression
   40                    | additive_expression '-' multiplicative_expression

   41 shift_expression: additive_expression
   42                 | shift_expression LEFT_OP additive_expression
   43                 | shift_expression RIGHT_OP additive_expression

   44 relational_expression: shift_expression
   45                      | relational_expression '<' shift_expression
   46                      | relational_expression '>' shift_expression
   47                      | relational_expression LE_OP shift_expression
   48                      | relational_expression GE_OP shift_expression

   49 equality_expression: relational_expression
   50                    | equality_expression EQ_OP relational_expression
   51                    | equality_expression NE_OP relational_expression

   52 AND_expression: equality_expression
   53               | AND_expression '&' equality_expression

   54 exclusive_OR_expression: AND_expression
   55                        | exclusive_OR_expression '^' AND_expression

   56 inclusive_OR_expression: exclusive_OR_expression
   57                        | inclusive_OR_expression '|' exclusive_OR_expression

   58 logical_AND_expression: inclusive_OR_expression
   59                       | logical_AND_expression AND_OP inclusive_OR_expression

   60 logical_OR_expression: logical_AND_expression
   61                      | logical_OR_expression OR_OP logical_AND_expression

   62 conditional_expression: logical_OR_expression
   63                       | logical_OR_expression '?' expression ':' conditional_expression

   64 assignment_expression: conditional_expression
   65                      | unary_expression assignment_operator assignment_expression

   66 assignment_operator: '='
   67                    | MUL_ASSIGN
   68                    | DIV_ASSIGN
   69                    | MOD_ASSIGN
   70                    | ADD_ASSIGN
   71                    | SUB_ASSIGN
   72                    | LEFT_ASSIGN
   73                    | RIGHT_ASSIGN
   74                    | AND_ASSIGN
   75                    | XOR_ASSIGN
   76                    | OR_ASSIGN

   77 expression: assignment_expression
   78           | expression ',' assignment_expression

   79 expression_opt: expression
   80               | ε

   81 constant_expression: conditional_expression

   82 declaration: declaration_specifiers init_declarator_list_opt ';'

   83 init_declarator_list_opt: init_declarator_list
   84                         | ε

   85 declaration_specifiers: storage_class_specifier declaration_specifiers_opt
   86                       | type_specifier declaration_specifiers_opt
   87                       | type_qualifier declaration_specifiers_opt
   88                       | function_specifier declaration_specifiers_opt

   89 declaration_specifiers_opt: declaration_specifiers
   90                           | ε

   91 init_declarator_list: init_declarator
   92                     | init_declarator_list ',' init_declarator

   93 init_declarator: declarator
   94                | declarator '=' initializer

   95 storage_class_specifier: EXTERN
   96                        | STATIC
   97                        | AUTO
   98                        | REGISTER

   99 type_specifier: VOID
  100               | CHAR
  101               | SHORT
  102               | INT
  103               | LONG
  104               | FLOAT
  105               | DOUBLE
  106               | SIGNED
  107               | UNSIGNED
  108               | BOOL
  109               | COMPLEX
  110               | IMAGINARY
  111               | enum_specifier

  112 specifier_qualifier_list: type_specifier specifier_qualifier_list_opt
  113                         | type_qualifier specifier_qualifier_list_opt

  114 specifier_qualifier_list_opt: specifier_qualifier_list
  115                             | ε

  116 enum_specifier: ENUM identifier_opt '{' enumerator_list '}'
  117               | ENUM identifier_opt '{' enumerator_list ',' '}'
  118               | ENUM IDENTIFIER

  119 identifier_opt: IDENTIFIER
  120               | ε

  121 enumerator_list: enumerator
  122                | enumerator_list ',' enumerator

  123 enumerator: IDENTIFIER
  124           | IDENTIFIER '=' constant_expression

  125 type_qualifier: CONST
  126               | RESTRICT
  127               | VOLATILE

  128 function_specifier: INLINE

  129 declarator: pointer_opt direct_declarator

  130 pointer_opt: pointer
  131            | ε

  132 direct_declarator: IDENTIFIER
  133                  | '(' declarator ')'
  134                  | direct_declarator '[' type_qualifier_list_opt assignment_expression_opt ']'
  135                  | direct_declarator '[' STATIC type_qualifier_list_opt assignment_expression ']'
  136                  | direct_declarator '[' type_qualifier_list STATIC assignment_expression ']'
  137                  | direct_declarator '[' type_qualifier_list_opt '*' ']'
  138                  | direct_declarator '(' parameter_type_list ')'
  139                  | direct_declarator '(' identifier_list_opt ')'

  140 assignment_expression_opt: assignment_expression
  141                          | ε

  142 identifier_list_opt: identifier_list
  143                    | ε

  144 pointer: '*' type_qualifier_list_opt
  145        | '*' type_qualifier_list_opt pointer

  146 type_qualifier_list: type_qualifier
  147                    | type_qualifier_list type_qualifier

  148 type_qualifier_list_opt: type_qualifier_list
  149                        | ε

  150 parameter_type_list: parameter_list
  151                    | parameter_list ',' ELLIPSIS

  152 parameter_list: parameter_declaration
  153               | parameter_list ',' parameter_declaration

  154 parameter_declaration: declaration_specifiers declarator
  155                      | declaration_specifiers

  156 identifier_list: IDENTIFIER
  157                | identifier_list ',' IDENTIFIER

  158 type_name: specifier_qualifier_list

  159 initializer: assignment_expression
  160            | '{' initializer_list '}'
  161            | '{' initializer_list ',' '}'

  162 initializer_list: designation_opt initializer
  163                 | initializer_list ',' designation_opt initializer

  164 designation_opt: designation
  165                | ε

  166 designation: designator_list '='

  167 designator_list: designator
  168                | designator_list designator

  169 designator: '[' constant_expression ']'
  170           | '.' IDENTIFIER

  171 statement: labeled_statement
  172          | compound_statement
  173          | expression_statement
  174          | selection_statement
  175          | iteration_statement
  176          | jump_statement

  177 labeled_statement: IDENTIFIER ':' statement
  178                  | CASE constant_expression ':' statement
  179                  | DEFAULT ':' statement

  180 compound_statement: '{' block_item_list_opt '}'

  181 block_item_list_opt: block_item_list
  182                    | ε

  183 block_item_list: block_item
  184                | block_item_list block_item

  185 block_item: declaration
  186           | statement

  187 expression_statement: expression_opt ';'

  188 selection_statement: IF '(' expression ')' statement
  189                    | IF '(' expression ')' statement ELSE statement
  190                    | SWITCH '(' expression ')' statement

  191 iteration_statement: WHILE '(' expression ')' statement
  192                    | DO statement WHILE '(' expression ')' ';'
  193                    | FOR '(' expression_opt ';' expression_opt ';' expression_opt ')' statement
  194                    | FOR '(' declaration expression_opt ';' expression_opt ')' statement

  195 jump_statement: GOTO IDENTIFIER ';'
  196               | CONTINUE ';'
  197               | BREAK ';'
  198               | RETURN expression_opt ';'

  199 translation_unit: external_declaration
  200                 | translation_unit external_declaration

  201 external_declaration: function_definition
  202                     | declaration

  203 function_definition: declaration_specifiers declarator declaration_list_opt compound_statement

  204 declaration_list_opt: declaration_list
  205                     | ε

  206 declaration_list: declaration
  207                 | declaration_list declaration


Terminals, with rules where they appear

    $end (0) 0
    '!' (33) 31
    '%' (37) 37
    '&' (38) 26 53
    '(' (40) 6 9 14 15 25 33 133 138 139 188 189 190 191 192 193 194
    ')' (41) 6 9 14 15 25 33 133 138 139 188 189 190 191 192 193 194
    '*' (42) 27 35 137 144 145
    '+' (43) 28 39
    ',' (44) 15 19 78 92 117 122 151 153 157 161 163
    '-' (45) 29 40
    '.' (46) 10 170
    '/' (47) 36
    ':' (58) 63 177 178 179
    ';' (59) 82 187 192 193 194 195 196 197 198
    '<' (60) 45
    '=' (61) 66 94 124 166
    '>' (62) 46
    '?' (63) 63
    '[' (91) 8 134 135 136 137 169
    ']' (93) 8 134 135 136 137 169
    '^' (94) 55
    '{' (123) 14 15 116 117 160 161 180
    '|' (124) 57
    '}' (125) 14 15 116 117 160 161 180
    '~' (126) 30
    error (256)
    IDENTIFIER <sval> (258) 1 10 11 118 119 123 124 132 156 157 170 177 195
    STRING_LITERAL <sval> (259) 5
    INT_CONSTANT (260) 2
    FLOAT_CONSTANT (261) 3
    CHAR_CONSTANT (262) 4
    AUTO (263) 97
    BREAK (264) 197
    CASE (265) 178
    CHAR (266) 100
    CONST (267) 125
    CONTINUE (268) 196
    DEFAULT (269) 179
    DO (270) 192
    DOUBLE (271) 105
    ELSE (272) 189
    ENUM (273) 116 117 118
    EXTERN (274) 95
    FLOAT (275) 104
    FOR (276) 193 194
    GOTO (277) 195
    IF (278) 188 189
    INLINE (279) 128
    INT (280) 102
    LONG (281) 103
    REGISTER (282) 98
    RESTRICT (283) 126
    RETURN (284) 198
    SHORT (285) 101
    SIGNED (286) 106
    SIZEOF (287) 24 25
    STATIC (288) 96 135 136
    STRUCT (289)
    SWITCH (290) 190
    TYPEDEF (291)
    UNION (292)
    UNSIGNED (293) 107
    VOID (294) 99
    VOLATILE (295) 127
    WHILE (296) 191 192
    BOOL (297) 108
    COMPLEX (298) 109
    IMAGINARY (299) 110
    ELLIPSIS (300) 151
    RIGHT_ASSIGN (301) 73
    LEFT_ASSIGN (302) 72
    ADD_ASSIGN (303) 70
    SUB_ASSIGN (304) 71
    MUL_ASSIGN (305) 67
    DIV_ASSIGN (306) 68
    MOD_ASSIGN (307) 69
    AND_ASSIGN (308) 74
    XOR_ASSIGN (309) 75
    OR_ASSIGN (310) 76
    RIGHT_OP (311) 43
    LEFT_OP (312) 42
    INC_OP (313) 12 21
    DEC_OP (314) 13 22
    PTR_OP (315) 11
    AND_OP (316) 59
    OR_OP (317) 61
    LE_OP (318) 47
    GE_OP (319) 48
    EQ_OP (320) 50
    NE_OP (321) 51
    LOWER_THAN_ELSE (322)


Nonterminals, with rules where they appear

    $accept (92)
        on left: 0
    primary_expression (93)
        on left: 1 2 3 4 5 6
        on right: 7
    postfix_expression (94)
        on left: 7 8 9 10 11 12 13 14 15
        on right: 8 9 10 11 12 13 20
    argument_expression_list_opt (95)
        on left: 16 17
        on right: 9
    argument_expression_list (96)
        on left: 18 19
        on right: 16 19
    unary_expression (97)
        on left: 20 21 22 23 24 25
        on right: 21 22 24 32 65
    unary_operator (98)
        on left: 26 27 28 29 30 31
        on right: 23
    cast_expression (99)
        on left: 32 33
        on right: 23 33 34 35 36 37
    multiplicative_expression (100)
        on left: 34 35 36 37
        on right: 35 36 37 38 39 40
    additive_expression (101)
        on left: 38 39 40
        on right: 39 40 41 42 43
    shift_expression (102)
        on left: 41 42 43
        on right: 42 43 44 45 46 47 48
    relational_expression (103)
        on left: 44 45 46 47 48
        on right: 45 46 47 48 49 50 51
    equality_expression (104)
        on left: 49 50 51
        on right: 50 51 52 53
    AND_expression (105)
        on left: 52 53
        on right: 53 54 55
    exclusive_OR_expression (106)
        on left: 54 55
        on right: 55 56 57
    inclusive_OR_expression (107)
        on left: 56 57
        on right: 57 58 59
    logical_AND_expression (108)
        on left: 58 59
        on right: 59 60 61
    logical_OR_expression (109)
        on left: 60 61
        on right: 61 62 63
    conditional_expression (110)
        on left: 62 63
        on right: 63 64 81
    assignment_expression (111)
        on left: 64 65
        on right: 18 19 65 77 78 135 136 140 159
    assignment_operator (112)
        on left: 66 67 68 69 70 71 72 73 74 75 76
        on right: 65
    expression (113)
        on left: 77 78
        on right: 6 8 63 78 79 188 189 190 191 192
    expression_opt (114)
        on left: 79 80
        on right: 187 193 194 198
    constant_expression (115)
        on left: 81
        on right: 124 169 178
    declaration (116)
        on left: 82
        on right: 185 194 202 206 207
    init_declarator_list_opt (117)
        on left: 83 84
        on right: 82
    declaration_specifiers (118)
        on left: 85 86 87 88
        on right: 82 89 154 155 203
    declaration_specifiers_opt (119)
        on left: 89 90
        on right: 85 86 87 88
    init_declarator_list (120)
        on left: 91 92
        on right: 83 92
    init_declarator (121)
        on left: 93 94
        on right: 91 92
    storage_class_specifier (122)
        on left: 95 96 97 98
        on right: 85
    type_specifier (123)
        on left: 99 100 101 102 103 104 105 106 107 108 109 110 111
        on right: 86 112
    specifier_qualifier_list (124)
        on left: 112 113
        on right: 114 158
    specifier_qualifier_list_opt (125)
        on left: 114 115
        on right: 112 113
    enum_specifier (126)
        on left: 116 117 118
        on right: 111
    identifier_opt (127)
        on left: 119 120
        on right: 116 117
    enumerator_list (128)
        on left: 121 122
        on right: 116 117 122
    enumerator (129)
        on left: 123 124
        on right: 121 122
    type_qualifier (130)
        on left: 125 126 127
        on right: 87 113 146 147
    function_specifier (131)
        on left: 128
        on right: 88
    declarator (132)
        on left: 129
        on right: 93 94 133 154 203
    pointer_opt (133)
        on left: 130 131
        on right: 129
    direct_declarator (134)
        on left: 132 133 134 135 136 137 138 139
        on right: 129 134 135 136 137 138 139
    assignment_expression_opt (135)
        on left: 140 141
        on right: 134
    identifier_list_opt (136)
        on left: 142 143
        on right: 139
    pointer (137)
        on left: 144 145
        on right: 130 145
    type_qualifier_list (138)
        on left: 146 147
        on right: 136 147 148
    type_qualifier_list_opt (139)
        on left: 148 149
        on right: 134 135 137 144 145
    parameter_type_list (140)
        on left: 150 151
        on right: 138
    parameter_list (141)
        on left: 152 153
        on right: 150 151 153
    parameter_declaration (142)
        on left: 154 155
        on right: 152 153
    identifier_list (143)
        on left: 156 157
        on right: 142 157
    type_name (144)
        on left: 158
        on right: 14 15 25 33
    initializer (145)
        on left: 159 160 161
        on right: 94 162 163
    initializer_list (146)
        on left: 162 163
        on right: 14 15 160 161 163
    designation_opt (147)
        on left: 164 165
        on right: 162 163
    designation (148)
        on left: 166
        on right: 164
    designator_list (149)
        on left: 167 168
        on right: 166 168
    designator (150)
        on left: 169 170
        on right: 167 168
    statement (151)
        on left: 171 172 173 174 175 176
        on right: 177 178 179 186 188 189 190 191 192 193 194
    labeled_statement (152)
        on left: 177 178 179
        on right: 171
    compound_statement (153)
        on left: 180
        on right: 172 203
    block_item_list_opt (154)
        on left: 181 182
        on right: 180
    block_item_list (155)
        on left: 183 184
        on right: 181 184
    block_item (156)
        on left: 185 186
        on right: 183 184
    expression_statement (157)
        on left: 187
        on right: 173
    selection_statement (158)
        on left: 188 189 190
        on right: 174
    iteration_statement (159)
        on left: 191 192 193 194
        on right: 175
    jump_statement (160)
        on left: 195 196 197 198
        on right: 176
    translation_unit (161)
        on left: 199 200
        on right: 0 200
    external_declaration (162)
        on left: 201 202
        on right: 199 200
    function_definition (163)
        on left: 203
        on right: 201
    declaration_list_opt (164)
        on left: 204 205
        on right: 203
    declaration_list (165)
        on left: 206 207
        on right: 204 207


State 0

    0 $accept: • translation_unit $end

    AUTO       shift, and go to state 1
    CHAR       shift, and go to state 2
    CONST      shift, and go to state 3
    DOUBLE     shift, and go to state 4
    ENUM       shift, and go to state 5
    EXTERN     shift, and go to state 6
    FLOAT      shift, and go to state 7
    INLINE     shift, and go to state 8
    INT        shift, and go to state 9
    LONG       shift, and go to state 10
    REGISTER   shift, and go to state 11
    RESTRICT   shift, and go to state 12
    SHORT      shift, and go to state 13
    SIGNED     shift, and go to state 14
    STATIC     shift, and go to state 15
    UNSIGNED   shift, and go to state 16
    VOID       shift, and go to state 17
    VOLATILE   shift, and go to state 18
    BOOL       shift, and go to state 19
    COMPLEX    shift, and go to state 20
    IMAGINARY  shift, and go to state 21

    declaration              go to state 22
    declaration_specifiers   go to state 23
    storage_class_specifier  go to state 24
    type_specifier           go to state 25
    enum_specifier           go to state 26
    type_qualifier           go to state 27
    function_specifier       go to state 28
    translation_unit         go to state 29
    external_declaration     go to state 30
    function_definition      go to state 31


State 1

   97 storage_class_specifier: AUTO •

    $default  reduce using rule 97 (storage_class_specifier)


State 2

  100 type_specifier: CHAR •

    $default  reduce using rule 100 (type_specifier)


State 3

  125 type_qualifier: CONST •

    $default  reduce using rule 125 (type_qualifier)


State 4

  105 type_specifier: DOUBLE •

    $default  reduce using rule 105 (type_specifier)


State 5

  116 enum_specifier: ENUM • identifier_opt '{' enumerator_list '}'
  117               | ENUM • identifier_opt '{' enumerator_list ',' '}'
  118               | ENUM • IDENTIFIER

    IDENTIFIER  shift, and go to state 32

    $default  reduce using rule 120 (identifier_opt)

    identifier_opt  go to state 33


State 6

   95 storage_class_specifier: EXTERN •

    $default  reduce using rule 95 (storage_class_specifier)


State 7

  104 type_specifier: FLOAT •

    $default  reduce using rule 104 (type_specifier)


State 8

  128 function_specifier: INLINE •

    $default  reduce using rule 128 (function_specifier)


State 9

  102 type_specifier: INT •

    $default  reduce using rule 102 (type_specifier)


State 10

  103 type_specifier: LONG •

    $default  reduce using rule 103 (type_specifier)


State 11

   98 storage_class_specifier: REGISTER •

    $default  reduce using rule 98 (storage_class_specifier)


State 12

  126 type_qualifier: RESTRICT •

    $default  reduce using rule 126 (type_qualifier)


State 13

  101 type_specifier: SHORT •

    $default  reduce using rule 101 (type_specifier)


State 14

  106 type_specifier: SIGNED •

    $default  reduce using rule 106 (type_specifier)


State 15

   96 storage_class_specifier: STATIC •

    $default  reduce using rule 96 (storage_class_specifier)


State 16

  107 type_specifier: UNSIGNED •

    $default  reduce using rule 107 (type_specifier)


State 17

   99 type_specifier: VOID •

    $default  reduce using rule 99 (type_specifier)


State 18

  127 type_qualifier: VOLATILE •

    $default  reduce using rule 127 (type_qualifier)


State 19

  108 type_specifier: BOOL •

    $default  reduce using rule 108 (type_specifier)


State 20

  109 type_specifier: COMPLEX •

    $default  reduce using rule 109 (type_specifier)


State 21

  110 type_specifier: IMAGINARY •

    $default  reduce using rule 110 (type_specifier)


State 22

  202 external_declaration: declaration •

    $default  reduce using rule 202 (external_declaration)


State 23

   82 declaration: declaration_specifiers • init_declarator_list_opt ';'
  203 function_definition: declaration_specifiers • declarator declaration_list_opt compound_statement

    '*'  shift, and go to state 34

    ';'       reduce using rule 84 (init_declarator_list_opt)
    $default  reduce using rule 131 (pointer_opt)

    init_declarator_list_opt  go to state 35
    init_declarator_list      go to state 36
    init_declarator           go to state 37
    declarator                go to state 38
    pointer_opt               go to state 39
    pointer                   go to state 40


State 24

   85 declaration_specifiers: storage_class_specifier • declaration_specifiers_opt

    AUTO       shift, and go to state 1
    CHAR       shift, and go to state 2
    CONST      shift, and go to state 3
    DOUBLE     shift, and go to state 4
    ENUM       shift, and go to state 5
    EXTERN     shift, and go to state 6
    FLOAT      shift, and go to state 7
    INLINE     shift, and go to state 8
    INT        shift, and go to state 9
    LONG       shift, and go to state 10
    REGISTER   shift, and go to state 11
    RESTRICT   shift, and go to state 12
    SHORT      shift, and go to state 13
    SIGNED     shift, and go to state 14
    STATIC     shift, and go to state 15
    UNSIGNED   shift, and go to state 16
    VOID       shift, and go to state 17
    VOLATILE   shift, and go to state 18
    BOOL       shift, and go to state 19
    COMPLEX    shift, and go to state 20
    IMAGINARY  shift, and go to state 21

    $default  reduce using rule 90 (declaration_specifiers_opt)

    declaration_specifiers      go to state 41
    declaration_specifiers_opt  go to state 42
    storage_class_specifier     go to state 24
    type_specifier              go to state 25
    enum_specifier              go to state 26
    type_qualifier              go to state 27
    function_specifier          go to state 28


State 25

   86 declaration_specifiers: type_specifier • declaration_specifiers_opt

    AUTO       shift, and go to state 1
    CHAR       shift, and go to state 2
    CONST      shift, and go to state 3
    DOUBLE     shift, and go to state 4
    ENUM       shift, and go to state 5
    EXTERN     shift, and go to state 6
    FLOAT      shift, and go to state 7
    INLINE     shift, and go to state 8
    INT        shift, and go to state 9
    LONG       shift, and go to state 10
    REGISTER   shift, and go to state 11
    RESTRICT   shift, and go to state 12
    SHORT      shift, and go to state 13
    SIGNED     shift, and go to state 14
    STATIC     shift, and go to state 15
    UNSIGNED   shift, and go to state 16
    VOID       shift, and go to state 17
    VOLATILE   shift, and go to state 18
    BOOL       shift, and go to state 19
    COMPLEX    shift, and go to state 20
    IMAGINARY  shift, and go to state 21

    $default  reduce using rule 90 (declaration_specifiers_opt)

    declaration_specifiers      go to state 41
    declaration_specifiers_opt  go to state 43
    storage_class_specifier     go to state 24
    type_specifier              go to state 25
    enum_specifier              go to state 26
    type_qualifier              go to state 27
    function_specifier          go to state 28


State 26

  111 type_specifier: enum_specifier •

    $default  reduce using rule 111 (type_specifier)


State 27

   87 declaration_specifiers: type_qualifier • declaration_specifiers_opt

    AUTO       shift, and go to state 1
    CHAR       shift, and go to state 2
    CONST      shift, and go to state 3
    DOUBLE     shift, and go to state 4
    ENUM       shift, and go to state 5
    EXTERN     shift, and go to state 6
    FLOAT      shift, and go to state 7
    INLINE     shift, and go to state 8
    INT        shift, and go to state 9
    LONG       shift, and go to state 10
    REGISTER   shift, and go to state 11
    RESTRICT   shift, and go to state 12
    SHORT      shift, and go to state 13
    SIGNED     shift, and go to state 14
    STATIC     shift, and go to state 15
    UNSIGNED   shift, and go to state 16
    VOID       shift, and go to state 17
    VOLATILE   shift, and go to state 18
    BOOL       shift, and go to state 19
    COMPLEX    shift, and go to state 20
    IMAGINARY  shift, and go to state 21

    $default  reduce using rule 90 (declaration_specifiers_opt)

    declaration_specifiers      go to state 41
    declaration_specifiers_opt  go to state 44
    storage_class_specifier     go to state 24
    type_specifier              go to state 25
    enum_specifier              go to state 26
    type_qualifier              go to state 27
    function_specifier          go to state 28


State 28

   88 declaration_specifiers: function_specifier • declaration_specifiers_opt

    AUTO       shift, and go to state 1
    CHAR       shift, and go to state 2
    CONST      shift, and go to state 3
    DOUBLE     shift, and go to state 4
    ENUM       shift, and go to state 5
    EXTERN     shift, and go to state 6
    FLOAT      shift, and go to state 7
    INLINE     shift, and go to state 8
    INT        shift, and go to state 9
    LONG       shift, and go to state 10
    REGISTER   shift, and go to state 11
    RESTRICT   shift, and go to state 12
    SHORT      shift, and go to state 13
    SIGNED     shift, and go to state 14
    STATIC     shift, and go to state 15
    UNSIGNED   shift, and go to state 16
    VOID       shift, and go to state 17
    VOLATILE   shift, and go to state 18
    BOOL       shift, and go to state 19
    COMPLEX    shift, and go to state 20
    IMAGINARY  shift, and go to state 21

    $default  reduce using rule 90 (declaration_specifiers_opt)

    declaration_specifiers      go to state 41
    declaration_specifiers_opt  go to state 45
    storage_class_specifier     go to state 24
    type_specifier              go to state 25
    enum_specifier              go to state 26
    type_qualifier              go to state 27
    function_specifier          go to state 28


State 29

    0 $accept: translation_unit • $end
  200 translation_unit: translation_unit • external_declaration

    $end       shift, and go to state 46
    AUTO       shift, and go to state 1
    CHAR       shift, and go to state 2
    CONST      shift, and go to state 3
    DOUBLE     shift, and go to state 4
    ENUM       shift, and go to state 5
    EXTERN     shift, and go to state 6
    FLOAT      shift, and go to state 7
    INLINE     shift, and go to state 8
    INT        shift, and go to state 9
    LONG       shift, and go to state 10
    REGISTER   shift, and go to state 11
    RESTRICT   shift, and go to state 12
    SHORT      shift, and go to state 13
    SIGNED     shift, and go to state 14
    STATIC     shift, and go to state 15
    UNSIGNED   shift, and go to state 16
    VOID       shift, and go to state 17
    VOLATILE   shift, and go to state 18
    BOOL       shift, and go to state 19
    COMPLEX    shift, and go to state 20
    IMAGINARY  shift, and go to state 21

    declaration              go to state 22
    declaration_specifiers   go to state 23
    storage_class_specifier  go to state 24
    type_specifier           go to state 25
    enum_specifier           go to state 26
    type_qualifier           go to state 27
    function_specifier       go to state 28
    external_declaration     go to state 47
    function_definition      go to state 31


State 30

  199 translation_unit: external_declaration •

    $default  reduce using rule 199 (translation_unit)


State 31

  201 external_declaration: function_definition •

    $default  reduce using rule 201 (external_declaration)


State 32

  118 enum_specifier: ENUM IDENTIFIER •
  119 identifier_opt: IDENTIFIER •

    '{'       reduce using rule 119 (identifier_opt)
    $default  reduce using rule 118 (enum_specifier)


State 33

  116 enum_specifier: ENUM identifier_opt • '{' enumerator_list '}'
  117               | ENUM identifier_opt • '{' enumerator_list ',' '}'

    '{'  shift, and go to state 48


State 34

  144 pointer: '*' • type_qualifier_list_opt
  145        | '*' • type_qualifier_list_opt pointer

    CONST     shift, and go to state 3
    RESTRICT  shift, and go to state 12
    VOLATILE  shift, and go to state 18

    $default  reduce using rule 149 (type_qualifier_list_opt)

    type_qualifier           go to state 49
    type_qualifier_list      go to state 50
    type_qualifier_list_opt  go to state 51


State 35

   82 declaration: declaration_specifiers init_declarator_list_opt • ';'

    ';'  shift, and go to state 52


State 36

   83 init_declarator_list_opt: init_declarator_list •
   92 init_declarator_list: init_declarator_list • ',' init_declarator

    ','  shift, and go to state 53

    $default  reduce using rule 83 (init_declarator_list_opt)


State 37

   91 init_declarator_list: init_declarator •

    $default  reduce using rule 91 (init_declarator_list)


State 38

   93 init_declarator: declarator •
   94                | declarator • '=' initializer
  203 function_definition: declaration_specifiers declarator • declaration_list_opt compound_statement

    AUTO       shift, and go to state 1
    CHAR       shift, and go to state 2
    CONST      shift, and go to state 3
    DOUBLE     shift, and go to state 4
    ENUM       shift, and go to state 5
    EXTERN     shift, and go to state 6
    FLOAT      shift, and go to state 7
    INLINE     shift, and go to state 8
    INT        shift, and go to state 9
    LONG       shift, and go to state 10
    REGISTER   shift, and go to state 11
    RESTRICT   shift, and go to state 12
    SHORT      shift, and go to state 13
    SIGNED     shift, and go to state 14
    STATIC     shift, and go to state 15
    UNSIGNED   shift, and go to state 16
    VOID       shift, and go to state 17
    VOLATILE   shift, and go to state 18
    BOOL       shift, and go to state 19
    COMPLEX    shift, and go to state 20
    IMAGINARY  shift, and go to state 21
    '='        shift, and go to state 54

    '{'       reduce using rule 205 (declaration_list_opt)
    $default  reduce using rule 93 (init_declarator)

    declaration              go to state 55
    declaration_specifiers   go to state 56
    storage_class_specifier  go to state 24
    type_specifier           go to state 25
    enum_specifier           go to state 26
    type_qualifier           go to state 27
    function_specifier       go to state 28
    declaration_list_opt     go to state 57
    declaration_list         go to state 58


State 39

  129 declarator: pointer_opt • direct_declarator

    IDENTIFIER  shift, and go to state 59
    '('         shift, and go to state 60

    direct_declarator  go to state 61


State 40

  130 pointer_opt: pointer •

    $default  reduce using rule 130 (pointer_opt)


State 41

   89 declaration_specifiers_opt: declaration_specifiers •

    $default  reduce using rule 89 (declaration_specifiers_opt)


State 42

   85 declaration_specifiers: storage_class_specifier declaration_specifiers_opt •

    $default  reduce using rule 85 (declaration_specifiers)


State 43

   86 declaration_specifiers: type_specifier declaration_specifiers_opt •

    $default  reduce using rule 86 (declaration_specifiers)


State 44

   87 declaration_specifiers: type_qualifier declaration_specifiers_opt •

    $default  reduce using rule 87 (declaration_specifiers)


State 45

   88 declaration_specifiers: function_specifier declaration_specifiers_opt •

    $default  reduce using rule 88 (declaration_specifiers)


State 46

    0 $accept: translation_unit $end •

    $default  accept


State 47

  200 translation_unit: translation_unit external_declaration •

    $default  reduce using rule 200 (translation_unit)


State 48

  116 enum_specifier: ENUM identifier_opt '{' • enumerator_list '}'
  117               | ENUM identifier_opt '{' • enumerator_list ',' '}'

    IDENTIFIER  shift, and go to state 62

    enumerator_list  go to state 63
    enumerator       go to state 64


State 49

  146 type_qualifier_list: type_qualifier •

    $default  reduce using rule 146 (type_qualifier_list)


State 50

  147 type_qualifier_list: type_qualifier_list • type_qualifier
  148 type_qualifier_list_opt: type_qualifier_list •

    CONST     shift, and go to state 3
    RESTRICT  shift, and go to state 12
    VOLATILE  shift, and go to state 18

    $default  reduce using rule 148 (type_qualifier_list_opt)

    type_qualifier  go to state 65


State 51

  144 pointer: '*' type_qualifier_list_opt •
  145        | '*' type_qualifier_list_opt • pointer

    '*'  shift, and go to state 34

    $default  reduce using rule 144 (pointer)

    pointer  go to state 66


State 52

   82 declaration: declaration_specifiers init_declarator_list_opt ';' •

    $default  reduce using rule 82 (declaration)


State 53

   92 init_declarator_list: init_declarator_list ',' • init_declarator

    '*'  shift, and go to state 34

    $default  reduce using rule 131 (pointer_opt)

    init_declarator  go to state 67
    declarator       go to state 68
    pointer_opt      go to state 39
    pointer          go to state 40


State 54

   94 init_declarator: declarator '=' • initializer

    IDENTIFIER      shift, and go to state 69
    STRING_LITERAL  shift, and go to state 70
    INT_CONSTANT    shift, and go to state 71
    FLOAT_CONSTANT  shift, and go to state 72
    CHAR_CONSTANT   shift, and go to state 73
    SIZEOF          shift, and go to state 74
    INC_OP          shift, and go to state 75
    DEC_OP          shift, and go to state 76
    '('             shift, and go to state 77
    '{'             shift, and go to state 78
    '&'             shift, and go to state 79
    '*'             shift, and go to state 80
    '+'             shift, and go to state 81
    '-'             shift, and go to state 82
    '~'             shift, and go to state 83
    '!'             shift, and go to state 84

    primary_expression         go to state 85
    postfix_expression         go to state 86
    unary_expression           go to state 87
    unary_operator             go to state 88
    cast_expression            go to state 89
    multiplicative_expression  go to state 90
    additive_expression        go to state 91
    shift_expression           go to state 92
    relational_expression      go to state 93
    equality_expression        go to state 94
    AND_expression             go to state 95
    exclusive_OR_expression    go to state 96
    inclusive_OR_expression    go to state 97
    logical_AND_expression     go to state 98
    logical_OR_expression      go to state 99
    conditional_expression     go to state 100
    assignment_expression      go to state 101
    initializer                go to state 102


State 55

  206 declaration_list: declaration •

    $default  reduce using rule 206 (declaration_list)


State 56

   82 declaration: declaration_specifiers • init_declarator_list_opt ';'

    '*'  shift, and go to state 34

    ';'       reduce using rule 84 (init_declarator_list_opt)
    $default  reduce using rule 131 (pointer_opt)

    init_declarator_list_opt  go to state 35
    init_declarator_list      go to state 36
    init_declarator           go to state 37
    declarator                go to state 68
    pointer_opt               go to state 39
    pointer                   go to state 40


State 57

  203 function_definition: declaration_specifiers declarator declaration_list_opt • compound_statement

    '{'  shift, and go to state 103

    compound_statement  go to state 104


State 58

  204 declaration_list_opt: declaration_list •
  207 declaration_list: declaration_list • declaration

    AUTO       shift, and go to state 1
    CHAR       shift, and go to state 2
    CONST      shift, and go to state 3
    DOUBLE     shift, and go to state 4
    ENUM       shift, and go to state 5
    EXTERN     shift, and go to state 6
    FLOAT      shift, and go to state 7
    INLINE     shift, and go to state 8
    INT        shift, and go to state 9
    LONG       shift, and go to state 10
    REGISTER   shift, and go to state 11
    RESTRICT   shift, and go to state 12
    SHORT      shift, and go to state 13
    SIGNED     shift, and go to state 14
    STATIC     shift, and go to state 15
    UNSIGNED   shift, and go to state 16
    VOID       shift, and go to state 17
    VOLATILE   shift, and go to state 18
    BOOL       shift, and go to state 19
    COMPLEX    shift, and go to state 20
    IMAGINARY  shift, and go to state 21

    $default  reduce using rule 204 (declaration_list_opt)

    declaration              go to state 105
    declaration_specifiers   go to state 56
    storage_class_specifier  go to state 24
    type_specifier           go to state 25
    enum_specifier           go to state 26
    type_qualifier           go to state 27
    function_specifier       go to state 28


State 59

  132 direct_declarator: IDENTIFIER •

    $default  reduce using rule 132 (direct_declarator)


State 60

  133 direct_declarator: '(' • declarator ')'

    '*'  shift, and go to state 34

    $default  reduce using rule 131 (pointer_opt)

    declarator   go to state 106
    pointer_opt  go to state 39
    pointer      go to state 40


State 61

  129 declarator: pointer_opt direct_declarator •
  134 direct_declarator: direct_declarator • '[' type_qualifier_list_opt assignment_expression_opt ']'
  135                  | direct_declarator • '[' STATIC type_qualifier_list_opt assignment_expression ']'
  136                  | direct_declarator • '[' type_qualifier_list STATIC assignment_expression ']'
  137                  | direct_declarator • '[' type_qualifier_list_opt '*' ']'
  138                  | direct_declarator • '(' parameter_type_list ')'
  139                  | direct_declarator • '(' identifier_list_opt ')'

    '('  shift, and go to state 107
    '['  shift, and go to state 108

    $default  reduce using rule 129 (declarator)


State 62

  123 enumerator: IDENTIFIER •
  124           | IDENTIFIER • '=' constant_expression

    '='  shift, and go to state 109

    $default  reduce using rule 123 (enumerator)


State 63

  116 enum_specifier: ENUM identifier_opt '{' enumerator_list • '}'
  117               | ENUM identifier_opt '{' enumerator_list • ',' '}'
  122 enumerator_list: enumerator_list • ',' enumerator

    '}'  shift, and go to state 110
    ','  shift, and go to state 111


State 64

  121 enumerator_list: enumerator •

    $default  reduce using rule 121 (enumerator_list)


State 65

  147 type_qualifier_list: type_qualifier_list type_qualifier •

    $default  reduce using rule 147 (type_qualifier_list)


State 66

  145 pointer: '*' type_qualifier_list_opt pointer •

    $default  reduce using rule 145 (pointer)


State 67

   92 init_declarator_list: init_declarator_list ',' init_declarator •

    $default  reduce using rule 92 (init_declarator_list)


State 68

   93 init_declarator: declarator •
   94                | declarator • '=' initializer

    '='  shift, and go to state 54

    $default  reduce using rule 93 (init_declarator)


State 69

    1 primary_expression: IDENTIFIER •

    $default  reduce using rule 1 (primary_expression)


State 70

    5 primary_expression: STRING_LITERAL •

    $default  reduce using rule 5 (primary_expression)


State 71

    2 primary_expression: INT_CONSTANT •

    $default  reduce using rule 2 (primary_expression)


State 72

    3 primary_expression: FLOAT_CONSTANT •

    $default  reduce using rule 3 (primary_expression)


State 73

    4 primary_expression: CHAR_CONSTANT •

    $default  reduce using rule 4 (primary_expression)


State 74

   24 unary_expression: SIZEOF • unary_expression
   25                 | SIZEOF • '(' type_name ')'

    IDENTIFIER      shift, and go to state 69
    STRING_LITERAL  shift, and go to state 70
    INT_CONSTANT    shift, and go to state 71
    FLOAT_CONSTANT  shift, and go to state 72
    CHAR_CONSTANT   shift, and go to state 73
    SIZEOF          shift, and go to state 74
    INC_OP          shift, and go to state 75
    DEC_OP          shift, and go to state 76
    '('             shift, and go to state 112
    '&'             shift, and go to state 79
    '*'             shift, and go to state 80
    '+'             shift, and go to state 81
    '-'             shift, and go to state 82
    '~'             shift, and go to state 83
    '!'             shift, and go to state 84

    primary_expression  go to state 85
    postfix_expression  go to state 86
    unary_expression    go to state 113
    unary_operator      go to state 88


State 75

   21 unary_expression: INC_OP • unary_expression

    IDENTIFIER      shift, and go to state 69
    STRING_LITERAL  shift, and go to state 70
    INT_CONSTANT    shift, and go to state 71
    FLOAT_CONSTANT  shift, and go to state 72
    CHAR_CONSTANT   shift, and go to state 73
    SIZEOF          shift, and go to state 74
    INC_OP          shift, and go to state 75
    DEC_OP          shift, and go to state 76
    '('             shift, and go to state 114
    '&'             shift, and go to state 79
    '*'             shift, and go to state 80
    '+'             shift, and go to state 81
    '-'             shift, and go to state 82
    '~'             shift, and go to state 83
    '!'             shift, and go to state 84

    primary_expression  go to state 85
    postfix_expression  go to state 86
    unary_expression    go to state 115
    unary_operator      go to state 88


State 76

   22 unary_expression: DEC_OP • unary_expression

    IDENTIFIER      shift, and go to state 69
    STRING_LITERAL  shift, and go to state 70
    INT_CONSTANT    shift, and go to state 71
    FLOAT_CONSTANT  shift, and go to state 72
    CHAR_CONSTANT   shift, and go to state 73
    SIZEOF          shift, and go to state 74
    INC_OP          shift, and go to state 75
    DEC_OP          shift, and go to state 76
    '('             shift, and go to state 114
    '&'             shift, and go to state 79
    '*'             shift, and go to state 80
    '+'             shift, and go to state 81
    '-'             shift, and go to state 82
    '~'             shift, and go to state 83
    '!'             shift, and go to state 84

    primary_expression  go to state 85
    postfix_expression  go to state 86
    unary_expression    go to state 116
    unary_operator      go to state 88


State 77

    6 primary_expression: '(' • expression ')'
   14 postfix_expression: '(' • type_name ')' '{' initializer_list '}'
   15                   | '(' • type_name ')' '{' initializer_list ',' '}'
   33 cast_expression: '(' • type_name ')' cast_expression

    IDENTIFIER      shift, and go to state 69
    STRING_LITERAL  shift, and go to state 70
    INT_CONSTANT    shift, and go to state 71
    FLOAT_CONSTANT  shift, and go to state 72
    CHAR_CONSTANT   shift, and go to state 73
    CHAR            shift, and go to state 2
    CONST           shift, and go to state 3
    DOUBLE          shift, and go to state 4
    ENUM            shift, and go to state 5
    FLOAT           shift, and go to state 7
    INT             shift, and go to state 9
    LONG            shift, and go to state 10
    RESTRICT        shift, and go to state 12
    SHORT           shift, and go to state 13
    SIGNED          shift, and go to state 14
    SIZEOF          shift, and go to state 74
    UNSIGNED        shift, and go to state 16
    VOID            shift, and go to state 17
    VOLATILE        shift, and go to state 18
    BOOL            shift, and go to state 19
    COMPLEX         shift, and go to state 20
    IMAGINARY       shift, and go to state 21
    INC_OP          shift, and go to state 75
    DEC_OP          shift, and go to state 76
    '('             shift, and go to state 77
    '&'             shift, and go to state 79
    '*'             shift, and go to state 80
    '+'             shift, and go to state 81
    '-'             shift, and go to state 82
    '~'             shift, and go to state 83
    '!'             shift, and go to state 84

    primary_expression         go to state 85
    postfix_expression         go to state 86
    unary_expression           go to state 87
    unary_operator             go to state 88
    cast_expression            go to state 89
    multiplicative_expression  go to state 90
    additive_expression        go to state 91
    shift_expression           go to state 92
    relational_expression      go to state 93
    equality_expression        go to state 94
    AND_expression             go to state 95
    exclusive_OR_expression    go to state 96
    inclusive_OR_expression    go to state 97
    logical_AND_expression     go to state 98
    logical_OR_expression      go to state 99
    conditional_expression     go to state 100
    assignment_expression      go to state 117
    expression                 go to state 118
    type_specifier             go to state 119
    specifier_qualifier_list   go to state 120
    enum_specifier             go to state 26
    type_qualifier             go to state 121
    type_name                  go to state 122


State 78

  160 initializer: '{' • initializer_list '}'
  161            | '{' • initializer_list ',' '}'

    '['  shift, and go to state 123
    '.'  shift, and go to state 124

    $default  reduce using rule 165 (designation_opt)

    initializer_list  go to state 125
    designation_opt   go to state 126
    designation       go to state 127
    designator_list   go to state 128
    designator        go to state 129


State 79

   26 unary_operator: '&' •

    $default  reduce using rule 26 (unary_operator)


State 80

   27 unary_operator: '*' •

    $default  reduce using rule 27 (unary_operator)


State 81

   28 unary_operator: '+' •

    $default  reduce using rule 28 (unary_operator)


State 82

   29 unary_operator: '-' •

    $default  reduce using rule 29 (unary_operator)


State 83

   30 unary_operator: '~' •

    $default  reduce using rule 30 (unary_operator)


State 84

   31 unary_operator: '!' •

    $default  reduce using rule 31 (unary_operator)


State 85

    7 postfix_expression: primary_expression •

    $default  reduce using rule 7 (postfix_expression)


State 86

    8 postfix_expression: postfix_expression • '[' expression ']'
    9                   | postfix_expression • '(' argument_expression_list_opt ')'
   10                   | postfix_expression • '.' IDENTIFIER
   11                   | postfix_expression • PTR_OP IDENTIFIER
   12                   | postfix_expression • INC_OP
   13                   | postfix_expression • DEC_OP
   20 unary_expression: postfix_expression •

    INC_OP  shift, and go to state 130
    DEC_OP  shift, and go to state 131
    PTR_OP  shift, and go to state 132
    '('     shift, and go to state 133
    '['     shift, and go to state 134
    '.'     shift, and go to state 135

    $default  reduce using rule 20 (unary_expression)


State 87

   32 cast_expression: unary_expression •
   65 assignment_expression: unary_expression • assignment_operator assignment_expression

    RIGHT_ASSIGN  shift, and go to state 136
    LEFT_ASSIGN   shift, and go to state 137
    ADD_ASSIGN    shift, and go to state 138
    SUB_ASSIGN    shift, and go to state 139
    MUL_ASSIGN    shift, and go to state 140
    DIV_ASSIGN    shift, and go to state 141
    MOD_ASSIGN    shift, and go to state 142
    AND_ASSIGN    shift, and go to state 143
    XOR_ASSIGN    shift, and go to state 144
    OR_ASSIGN     shift, and go to state 145
    '='           shift, and go to state 146

    $default  reduce using rule 32 (cast_expression)

    assignment_operator  go to state 147


State 88

   23 unary_expression: unary_operator • cast_expression

    IDENTIFIER      shift, and go to state 69
    STRING_LITERAL  shift, and go to state 70
    INT_CONSTANT    shift, and go to state 71
    FLOAT_CONSTANT  shift, and go to state 72
    CHAR_CONSTANT   shift, and go to state 73
    SIZEOF          shift, and go to state 74
    INC_OP          shift, and go to state 75
    DEC_OP          shift, and go to state 76
    '('             shift, and go to state 77
    '&'             shift, and go to state 79
    '*'             shift, and go to state 80
    '+'             shift, and go to state 81
    '-'             shift, and go to state 82
    '~'             shift, and go to state 83
    '!'             shift, and go to state 84

    primary_expression  go to state 85
    postfix_expression  go to state 86
    unary_expression    go to state 148
    unary_operator      go to state 88
    cast_expression     go to state 149


State 89

   34 multiplicative_expression: cast_expression •

    $default  reduce using rule 34 (multiplicative_expression)


State 90

   35 multiplicative_expression: multiplicative_expression • '*' cast_expression
   36                          | multiplicative_expression • '/' cast_expression
   37                          | multiplicative_expression • '%' cast_expression
   38 additive_expression: multiplicative_expression •

    '*'  shift, and go to state 150
    '/'  shift, and go to state 151
    '%'  shift, and go to state 152

    $default  reduce using rule 38 (additive_expression)


State 91

   39 additive_expression: additive_expression • '+' multiplicative_expression
   40                    | additive_expression • '-' multiplicative_expression
   41 shift_expression: additive_expression •

    '+'  shift, and go to state 153
    '-'  shift, and go to state 154

    $default  reduce using rule 41 (shift_expression)


State 92

   42 shift_expression: shift_expression • LEFT_OP additive_expression
   43                 | shift_expression • RIGHT_OP additive_expression
   44 relational_expression: shift_expression •

    RIGHT_OP  shift, and go to state 155
    LEFT_OP   shift, and go to state 156

    $default  reduce using rule 44 (relational_expression)


State 93

   45 relational_expression: relational_expression • '<' shift_expression
   46                      | relational_expression • '>' shift_expression
   47                      | relational_expression • LE_OP shift_expression
   48                      | relational_expression • GE_OP shift_expression
   49 equality_expression: relational_expression •

    LE_OP  shift, and go to state 157
    GE_OP  shift, and go to state 158
    '<'    shift, and go to state 159
    '>'    shift, and go to state 160

    $default  reduce using rule 49 (equality_expression)


State 94

   50 equality_expression: equality_expression • EQ_OP relational_expression
   51                    | equality_expression • NE_OP relational_expression
   52 AND_expression: equality_expression •

    EQ_OP  shift, and go to state 161
    NE_OP  shift, and go to state 162

    $default  reduce using rule 52 (AND_expression)


State 95

   53 AND_expression: AND_expression • '&' equality_expression
   54 exclusive_OR_expression: AND_expression •

    '&'  shift, and go to state 163

    $default  reduce using rule 54 (exclusive_OR_expression)


State 96

   55 exclusive_OR_expression: exclusive_OR_expression • '^' AND_expression
   56 inclusive_OR_expression: exclusive_OR_expression •

    '^'  shift, and go to state 164

    $default  reduce using rule 56 (inclusive_OR_expression)


State 97

   57 inclusive_OR_expression: inclusive_OR_expression • '|' exclusive_OR_expression
   58 logical_AND_expression: inclusive_OR_expression •

    '|'  shift, and go to state 165

    $default  reduce using rule 58 (logical_AND_expression)


State 98

   59 logical_AND_expression: logical_AND_expression • AND_OP inclusive_OR_expression
   60 logical_OR_expression: logical_AND_expression •

    AND_OP  shift, and go to state 166

    $default  reduce using rule 60 (logical_OR_expression)


State 99

   61 logical_OR_expression: logical_OR_expression • OR_OP logical_AND_expression
   62 conditional_expression: logical_OR_expression •
   63                       | logical_OR_expression • '?' expression ':' conditional_expression

    OR_OP  shift, and go to state 167
    '?'    shift, and go to state 168

    $default  reduce using rule 62 (conditional_expression)


State 100

   64 assignment_expression: conditional_expression •

    $default  reduce using rule 64 (assignment_expression)


State 101

  159 initializer: assignment_expression •

    $default  reduce using rule 159 (initializer)


State 102

   94 init_declarator: declarator '=' initializer •

    $default  reduce using rule 94 (init_declarator)


State 103

  180 compound_statement: '{' • block_item_list_opt '}'

    IDENTIFIER      shift, and go to state 169
    STRING_LITERAL  shift, and go to state 70
    INT_CONSTANT    shift, and go to state 71
    FLOAT_CONSTANT  shift, and go to state 72
    CHAR_CONSTANT   shift, and go to state 73
    AUTO            shift, and go to state 1
    BREAK           shift, and go to state 170
    CASE            shift, and go to state 171
    CHAR            shift, and go to state 2
    CONST           shift, and go to state 3
    CONTINUE        shift, and go to state 172
    DEFAULT         shift, and go to state 173
    DO              shift, and go to state 174
    DOUBLE          shift, and go to state 4
    ENUM            shift, and go to state 5
    EXTERN          shift, and go to state 6
    FLOAT           shift, and go to state 7
    FOR             shift, and go to state 175
    GOTO            shift, and go to state 176
    IF              shift, and go to state 177
    INLINE          shift, and go to state 8
    INT             shift, and go to state 9
    LONG            shift, and go to state 10
    REGISTER        shift, and go to state 11
    RESTRICT        shift, and go to state 12
    RETURN          shift, and go to state 178
    SHORT           shift, and go to state 13
    SIGNED          shift, and go to state 14
    SIZEOF          shift, and go to state 74
    STATIC          shift, and go to state 15
    SWITCH          shift, and go to state 179
    UNSIGNED        shift, and go to state 16
    VOID            shift, and go to state 17
    VOLATILE        shift, and go to state 18
    WHILE           shift, and go to state 180
    BOOL            shift, and go to state 19
    COMPLEX         shift, and go to state 20
    IMAGINARY       shift, and go to state 21
    INC_OP          shift, and go to state 75
    DEC_OP          shift, and go to state 76
    '('             shift, and go to state 77
    '{'             shift, and go to state 103
    '&'             shift, and go to state 79
    '*'             shift, and go to state 80
    '+'             shift, and go to state 81
    '-'             shift, and go to state 82
    '~'             shift, and go to state 83
    '!'             shift, and go to state 84

    '}'       reduce using rule 182 (block_item_list_opt)
    $default  reduce using rule 80 (expression_opt)

    primary_expression         go to state 85
    postfix_expression         go to state 86
    unary_expression           go to state 87
    unary_operator             go to state 88
    cast_expression            go to state 89
    multiplicative_expression  go to state 90
    additive_expression        go to state 91
    shift_expression           go to state 92
    relational_expression      go to state 93
    equality_expression        go to state 94
    AND_expression             go to state 95
    exclusive_OR_expression    go to state 96
    inclusive_OR_expression    go to state 97
    logical_AND_expression     go to state 98
    logical_OR_expression      go to state 99
    conditional_expression     go to state 100
    assignment_expression      go to state 117
    expression                 go to state 181
    expression_opt             go to state 182
    declaration                go to state 183
    declaration_specifiers     go to state 56
    storage_class_specifier    go to state 24
    type_specifier             go to state 25
    enum_specifier             go to state 26
    type_qualifier             go to state 27
    function_specifier         go to state 28
    statement                  go to state 184
    labeled_statement          go to state 185
    compound_statement         go to state 186
    block_item_list_opt        go to state 187
    block_item_list            go to state 188
    block_item                 go to state 189
    expression_statement       go to state 190
    selection_statement        go to state 191
    iteration_statement        go to state 192
    jump_statement             go to state 193


State 104

  203 function_definition: declaration_specifiers declarator declaration_list_opt compound_statement •

    $default  reduce using rule 203 (function_definition)


State 105

  207 declaration_list: declaration_list declaration •

    $default  reduce using rule 207 (declaration_list)


State 106

  133 direct_declarator: '(' declarator • ')'

    ')'  shift, and go to state 194


State 107

  138 direct_declarator: direct_declarator '(' • parameter_type_list ')'
  139                  | direct_declarator '(' • identifier_list_opt ')'

    IDENTIFIER  shift, and go to state 195
    AUTO        shift, and go to state 1
    CHAR        shift, and go to state 2
    CONST       shift, and go to state 3
    DOUBLE      shift, and go to state 4
    ENUM        shift, and go to state 5
    EXTERN      shift, and go to state 6
    FLOAT       shift, and go to state 7
    INLINE      shift, and go to state 8
    INT         shift, and go to state 9
    LONG        shift, and go to state 10
    REGISTER    shift, and go to state 11
    RESTRICT    shift, and go to state 12
    SHORT       shift, and go to state 13
    SIGNED      shift, and go to state 14
    STATIC      shift, and go to state 15
    UNSIGNED    shift, and go to state 16
    VOID        shift, and go to state 17
    VOLATILE    shift, and go to state 18
    BOOL        shift, and go to state 19
    COMPLEX     shift, and go to state 20
    IMAGINARY   shift, and go to state 21

    $default  reduce using rule 143 (identifier_list_opt)

    declaration_specifiers   go to state 196
    storage_class_specifier  go to state 24
    type_specifier           go to state 25
    enum_specifier           go to state 26
    type_qualifier           go to state 27
    function_specifier       go to state 28
    identifier_list_opt      go to state 197
    parameter_type_list      go to state 198
    parameter_list           go to state 199
    parameter_declaration    go to state 200
    identifier_list          go to state 201


State 108

  134 direct_declarator: direct_declarator '[' • type_qualifier_list_opt assignment_expression_opt ']'
  135                  | direct_declarator '[' • STATIC type_qualifier_list_opt assignment_expression ']'
  136                  | direct_declarator '[' • type_qualifier_list STATIC assignment_expression ']'
  137                  | direct_declarator '[' • type_qualifier_list_opt '*' ']'

    CONST     shift, and go to state 3
    RESTRICT  shift, and go to state 12
    STATIC    shift, and go to state 202
    VOLATILE  shift, and go to state 18

    $default  reduce using rule 149 (type_qualifier_list_opt)

    type_qualifier           go to state 49
    type_qualifier_list      go to state 203
    type_qualifier_list_opt  go to state 204


State 109

  124 enumerator: IDENTIFIER '=' • constant_expression

    IDENTIFIER      shift, and go to state 69
    STRING_LITERAL  shift, and go to state 70
    INT_CONSTANT    shift, and go to state 71
    FLOAT_CONSTANT  shift, and go to state 72
    CHAR_CONSTANT   shift, and go to state 73
    SIZEOF          shift, and go to state 74
    INC_OP          shift, and go to state 75
    DEC_OP          shift, and go to state 76
    '('             shift, and go to state 77
    '&'             shift, and go to state 79
    '*'             shift, and go to state 80
    '+'             shift, and go to state 81
    '-'             shift, and go to state 82
    '~'             shift, and go to state 83
    '!'             shift, and go to state 84

    primary_expression         go to state 85
    postfix_expression         go to state 86
    unary_expression           go to state 148
    unary_operator             go to state 88
    cast_expression            go to state 89
    multiplicative_expression  go to state 90
    additive_expression        go to state 91
    shift_expression           go to state 92
    relational_expression      go to state 93
    equality_expression        go to state 94
    AND_expression             go to state 95
    exclusive_OR_expression    go to state 96
    inclusive_OR_expression    go to state 97
    logical_AND_expression     go to state 98
    logical_OR_expression      go to state 99
    conditional_expression     go to state 205
    constant_expression        go to state 206


State 110

  116 enum_specifier: ENUM identifier_opt '{' enumerator_list '}' •

    $default  reduce using rule 116 (enum_specifier)


State 111

  117 enum_specifier: ENUM identifier_opt '{' enumerator_list ',' • '}'
  122 enumerator_list: enumerator_list ',' • enumerator

    IDENTIFIER  shift, and go to state 62
    '}'         shift, and go to state 207

    enumerator  go to state 208


State 112

    6 primary_expression: '(' • expression ')'
   14 postfix_expression: '(' • type_name ')' '{' initializer_list '}'
   15                   | '(' • type_name ')' '{' initializer_list ',' '}'
   25 unary_expression: SIZEOF '(' • type_name ')'

    IDENTIFIER      shift, and go to state 69
    STRING_LITERAL  shift, and go to state 70
    INT_CONSTANT    shift, and go to state 71
    FLOAT_CONSTANT  shift, and go to state 72
    CHAR_CONSTANT   shift, and go to state 73
    CHAR            shift, and go to state 2
    CONST           shift, and go to state 3
    DOUBLE          shift, and go to state 4
    ENUM            shift, and go to state 5
    FLOAT           shift, and go to state 7
    INT             shift, and go to state 9
    LONG            shift, and go to state 10
    RESTRICT        shift, and go to state 12
    SHORT           shift, and go to state 13
    SIGNED          shift, and go to state 14
    SIZEOF          shift, and go to state 74
    UNSIGNED        shift, and go to state 16
    VOID            shift, and go to state 17
    VOLATILE        shift, and go to state 18
    BOOL            shift, and go to state 19
    COMPLEX         shift, and go to state 20
    IMAGINARY       shift, and go to state 21
    INC_OP          shift, and go to state 75
    DEC_OP          shift, and go to state 76
    '('             shift, and go to state 77
    '&'             shift, and go to state 79
    '*'             shift, and go to state 80
    '+'             shift, and go to state 81
    '-'             shift, and go to state 82
    '~'             shift, and go to state 83
    '!'             shift, and go to state 84

    primary_expression         go to state 85
    postfix_expression         go to state 86
    unary_expression           go to state 87
    unary_operator             go to state 88
    cast_expression            go to state 89
    multiplicative_expression  go to state 90
    additive_expression        go to state 91
    shift_expression           go to state 92
    relational_expression      go to state 93
    equality_expression        go to state 94
    AND_expression             go to state 95
    exclusive_OR_expression    go to state 96
    inclusive_OR_expression    go to state 97
    logical_AND_expression     go to state 98
    logical_OR_expression      go to state 99
    conditional_expression     go to state 100
    assignment_expression      go to state 117
    expression                 go to state 118
    type_specifier             go to state 119
    specifier_qualifier_list   go to state 120
    enum_specifier             go to state 26
    type_qualifier             go to state 121
    type_name                  go to state 209


State 113

   24 unary_expression: SIZEOF unary_expression •

    $default  reduce using rule 24 (unary_expression)


State 114

    6 primary_expression: '(' • expression ')'
   14 postfix_expression: '(' • type_name ')' '{' initializer_list '}'
   15                   | '(' • type_name ')' '{' initializer_list ',' '}'

    IDENTIFIER      shift, and go to state 69
    STRING_LITERAL  shift, and go to state 70
    INT_CONSTANT    shift, and go to state 71
    FLOAT_CONSTANT  shift, and go to state 72
    CHAR_CONSTANT   shift, and go to state 73
    CHAR            shift, and go to state 2
    CONST           shift, and go to state 3
    DOUBLE          shift, and go to state 4
    ENUM            shift, and go to state 5
    FLOAT           shift, and go to state 7
    INT             shift, and go to state 9
    LONG            shift, and go to state 10
    RESTRICT        shift, and go to state 12
    SHORT           shift, and go to state 13
    SIGNED          shift, and go to state 14
    SIZEOF          shift, and go to state 74
    UNSIGNED        shift, and go to state 16
    VOID            shift, and go to state 17
    VOLATILE        shift, and go to state 18
    BOOL            shift, and go to state 19
    COMPLEX         shift, and go to state 20
    IMAGINARY       shift, and go to state 21
    INC_OP          shift, and go to state 75
    DEC_OP          shift, and go to state 76
    '('             shift, and go to state 77
    '&'             shift, and go to state 79
    '*'             shift, and go to state 80
    '+'             shift, and go to state 81
    '-'             shift, and go to state 82
    '~'             shift, and go to state 83
    '!'             shift, and go to state 84

    primary_expression         go to state 85
    postfix_expression         go to state 86
    unary_expression           go to state 87
    unary_operator             go to state 88
    cast_expression            go to state 89
    multiplicative_expression  go to state 90
    additive_expression        go to state 91
    shift_expression           go to state 92
    relational_expression      go to state 93
    equality_expression        go to state 94
    AND_expression             go to state 95
    exclusive_OR_expression    go to state 96
    inclusive_OR_expression    go to state 97
    logical_AND_expression     go to state 98
    logical_OR_expression      go to state 99
    conditional_expression     go to state 100
    assignment_expression      go to state 117
    expression                 go to state 118
    type_specifier             go to state 119
    specifier_qualifier_list   go to state 120
    enum_specifier             go to state 26
    type_qualifier             go to state 121
    type_name                  go to state 210


State 115

   21 unary_expression: INC_OP unary_expression •

    $default  reduce using rule 21 (unary_expression)


State 116

   22 unary_expression: DEC_OP unary_expression •

    $default  reduce using rule 22 (unary_expression)


State 117

   77 expression: assignment_expression •

    $default  reduce using rule 77 (expression)


State 118

    6 primary_expression: '(' expression • ')'
   78 expression: expression • ',' assignment_expression

    ')'  shift, and go to state 211
    ','  shift, and go to state 212


State 119

  112 specifier_qualifier_list: type_specifier • specifier_qualifier_list_opt

    CHAR       shift, and go to state 2
    CONST      shift, and go to state 3
    DOUBLE     shift, and go to state 4
    ENUM       shift, and go to state 5
    FLOAT      shift, and go to state 7
    INT        shift, and go to state 9
    LONG       shift, and go to state 10
    RESTRICT   shift, and go to state 12
    SHORT      shift, and go to state 13
    SIGNED     shift, and go to state 14
    UNSIGNED   shift, and go to state 16
    VOID       shift, and go to state 17
    VOLATILE   shift, and go to state 18
    BOOL       shift, and go to state 19
    COMPLEX    shift, and go to state 20
    IMAGINARY  shift, and go to state 21

    $default  reduce using rule 115 (specifier_qualifier_list_opt)

    type_specifier                go to state 119
    specifier_qualifier_list      go to state 213
    specifier_qualifier_list_opt  go to state 214
    enum_specifier                go to state 26
    type_qualifier                go to state 121


State 120

  158 type_name: specifier_qualifier_list •

    $default  reduce using rule 158 (type_name)


State 121

  113 specifier_qualifier_list: type_qualifier • specifier_qualifier_list_opt

    CHAR       shift, and go to state 2
    CONST      shift, and go to state 3
    DOUBLE     shift, and go to state 4
    ENUM       shift, and go to state 5
    FLOAT      shift, and go to state 7
    INT        shift, and go to state 9
    LONG       shift, and go to state 10
    RESTRICT   shift, and go to state 12
    SHORT      shift, and go to state 13
    SIGNED     shift, and go to state 14
    UNSIGNED   shift, and go to state 16
    VOID       shift, and go to state 17
    VOLATILE   shift, and go to state 18
    BOOL       shift, and go to state 19
    COMPLEX    shift, and go to state 20
    IMAGINARY  shift, and go to state 21

    $default  reduce using rule 115 (specifier_qualifier_list_opt)

    type_specifier                go to state 119
    specifier_qualifier_list      go to state 213
    specifier_qualifier_list_opt  go to state 215
    enum_specifier                go to state 26
    type_qualifier                go to state 121


State 122

   14 postfix_expression: '(' type_name • ')' '{' initializer_list '}'
   15                   | '(' type_name • ')' '{' initializer_list ',' '}'
   33 cast_expression: '(' type_name • ')' cast_expression

    ')'  shift, and go to state 216


State 123

  169 designator: '[' • constant_expression ']'

    IDENTIFIER      shift, and go to state 69
    STRING_LITERAL  shift, and go to state 70
    INT_CONSTANT    shift, and go to state 71
    FLOAT_CONSTANT  shift, and go to state 72
    CHAR_CONSTANT   shift, and go to state 73
    SIZEOF          shift, and go to state 74
    INC_OP          shift, and go to state 75
    DEC_OP          shift, and go to state 76
    '('             shift, and go to state 77
    '&'             shift, and go to state 79
    '*'             shift, and go to state 80
    '+'             shift, and go to state 81
    '-'             shift, and go to state 82
    '~'             shift, and go to state 83
    '!'             shift, and go to state 84

    primary_expression         go to state 85
    postfix_expression         go to state 86
    unary_expression           go to state 148
    unary_operator             go to state 88
    cast_expression            go to state 89
    multiplicative_expression  go to state 90
    additive_expression        go to state 91
    shift_expression           go to state 92
    relational_expression      go to state 93
    equality_expression        go to state 94
    AND_expression             go to state 95
    exclusive_OR_expression    go to state 96
    inclusive_OR_expression    go to state 97
    logical_AND_expression     go to state 98
    logical_OR_expression      go to state 99
    conditional_expression     go to state 205
    constant_expression        go to state 217


State 124

  170 designator: '.' • IDENTIFIER

    IDENTIFIER  shift, and go to state 218


State 125

  160 initializer: '{' initializer_list • '}'
  161            | '{' initializer_list • ',' '}'
  163 initializer_list: initializer_list • ',' designation_opt initializer

    '}'  shift, and go to state 219
    ','  shift, and go to state 220


State 126

  162 initializer_list: designation_opt • initializer

    IDENTIFIER      shift, and go to state 69
    STRING_LITERAL  shift, and go to state 70
    INT_CONSTANT    shift, and go to state 71
    FLOAT_CONSTANT  shift, and go to state 72
    CHAR_CONSTANT   shift, and go to state 73
    SIZEOF          shift, and go to state 74
    INC_OP          shift, and go to state 75
    DEC_OP          shift, and go to state 76
    '('             shift, and go to state 77
    '{'             shift, and go to state 78
    '&'             shift, and go to state 79
    '*'             shift, and go to state 80
    '+'             shift, and go to state 81
    '-'             shift, and go to state 82
    '~'             shift, and go to state 83
    '!'             shift, and go to state 84

    primary_expression         go to state 85
    postfix_expression         go to state 86
    unary_expression           go to state 87
    unary_operator             go to state 88
    cast_expression            go to state 89
    multiplicative_expression  go to state 90
    additive_expression        go to state 91
    shift_expression           go to state 92
    relational_expression      go to state 93
    equality_expression        go to state 94
    AND_expression             go to state 95
    exclusive_OR_expression    go to state 96
    inclusive_OR_expression    go to state 97
    logical_AND_expression     go to state 98
    logical_OR_expression      go to state 99
    conditional_expression     go to state 100
    assignment_expression      go to state 101
    initializer                go to state 221


State 127

  164 designation_opt: designation •

    $default  reduce using rule 164 (designation_opt)


State 128

  166 designation: designator_list • '='
  168 designator_list: designator_list • designator

    '['  shift, and go to state 123
    '.'  shift, and go to state 124
    '='  shift, and go to state 222

    designator  go to state 223


State 129

  167 designator_list: designator •

    $default  reduce using rule 167 (designator_list)


State 130

   12 postfix_expression: postfix_expression INC_OP •

    $default  reduce using rule 12 (postfix_expression)


State 131

   13 postfix_expression: postfix_expression DEC_OP •

    $default  reduce using rule 13 (postfix_expression)


State 132

   11 postfix_expression: postfix_expression PTR_OP • IDENTIFIER

    IDENTIFIER  shift, and go to state 224


State 133

    9 postfix_expression: postfix_expression '(' • argument_expression_list_opt ')'

    IDENTIFIER      shift, and go to state 69
    STRING_LITERAL  shift, and go to state 70
    INT_CONSTANT    shift, and go to state 71
    FLOAT_CONSTANT  shift, and go to state 72
    CHAR_CONSTANT   shift, and go to state 73
    SIZEOF          shift, and go to state 74
    INC_OP          shift, and go to state 75
    DEC_OP          shift, and go to state 76
    '('             shift, and go to state 77
    '&'             shift, and go to state 79
    '*'             shift, and go to state 80
    '+'             shift, and go to state 81
    '-'             shift, and go to state 82
    '~'             shift, and go to state 83
    '!'             shift, and go to state 84

    $default  reduce using rule 17 (argument_expression_list_opt)

    primary_expression            go to state 85
    postfix_expression            go to state 86
    argument_expression_list_opt  go to state 225
    argument_expression_list      go to state 226
    unary_expression              go to state 87
    unary_operator                go to state 88
    cast_expression               go to state 89
    multiplicative_expression     go to state 90
    additive_expression           go to state 91
    shift_expression              go to state 92
    relational_expression         go to state 93
    equality_expression           go to state 94
    AND_expression                go to state 95
    exclusive_OR_expression       go to state 96
    inclusive_OR_expression       go to state 97
    logical_AND_expression        go to state 98
    logical_OR_expression         go to state 99
    conditional_expression        go to state 100
    assignment_expression         go to state 227


State 134

    8 postfix_expression: postfix_expression '[' • expression ']'

    IDENTIFIER      shift, and go to state 69
    STRING_LITERAL  shift, and go to state 70
    INT_CONSTANT    shift, and go to state 71
    FLOAT_CONSTANT  shift, and go to state 72
    CHAR_CONSTANT   shift, and go to state 73
    SIZEOF          shift, and go to state 74
    INC_OP          shift, and go to state 75
    DEC_OP          shift, and go to state 76
    '('             shift, and go to state 77
    '&'             shift, and go to state 79
    '*'             shift, and go to state 80
    '+'             shift, and go to state 81
    '-'             shift, and go to state 82
    '~'             shift, and go to state 83
    '!'             shift, and go to state 84

    primary_expression         go to state 85
    postfix_expression         go to state 86
    unary_expression           go to state 87
    unary_operator             go to state 88
    cast_expression            go to state 89
    multiplicative_expression  go to state 90
    additive_expression        go to state 91
    shift_expression           go to state 92
    relational_expression      go to state 93
    equality_expression        go to state 94
    AND_expression             go to state 95
    exclusive_OR_expression    go to state 96
    inclusive_OR_expression    go to state 97
    logical_AND_expression     go to state 98
    logical_OR_expression      go to state 99
    conditional_expression     go to state 100
    assignment_expression      go to state 117
    expression                 go to state 228


State 135

   10 postfix_expression: postfix_expression '.' • IDENTIFIER

    IDENTIFIER  shift, and go to state 229


State 136

   73 assignment_operator: RIGHT_ASSIGN •

    $default  reduce using rule 73 (assignment_operator)


State 137

   72 assignment_operator: LEFT_ASSIGN •

    $default  reduce using rule 72 (assignment_operator)


State 138

   70 assignment_operator: ADD_ASSIGN •

    $default  reduce using rule 70 (assignment_operator)


State 139

   71 assignment_operator: SUB_ASSIGN •

    $default  reduce using rule 71 (assignment_operator)


State 140

   67 assignment_operator: MUL_ASSIGN •

    $default  reduce using rule 67 (assignment_operator)


State 141

   68 assignment_operator: DIV_ASSIGN •

    $default  reduce using rule 68 (assignment_operator)


State 142

   69 assignment_operator: MOD_ASSIGN •

    $default  reduce using rule 69 (assignment_operator)


State 143

   74 assignment_operator: AND_ASSIGN •

    $default  reduce using rule 74 (assignment_operator)


State 144

   75 assignment_operator: XOR_ASSIGN •

    $default  reduce using rule 75 (assignment_operator)


State 145

   76 assignment_operator: OR_ASSIGN •

    $default  reduce using rule 76 (assignment_operator)


State 146

   66 assignment_operator: '=' •

    $default  reduce using rule 66 (assignment_operator)


State 147

   65 assignment_expression: unary_expression assignment_operator • assignment_expression

    IDENTIFIER      shift, and go to state 69
    STRING_LITERAL  shift, and go to state 70
    INT_CONSTANT    shift, and go to state 71
    FLOAT_CONSTANT  shift, and go to state 72
    CHAR_CONSTANT   shift, and go to state 73
    SIZEOF          shift, and go to state 74
    INC_OP          shift, and go to state 75
    DEC_OP          shift, and go to state 76
    '('             shift, and go to state 77
    '&'             shift, and go to state 79
    '*'             shift, and go to state 80
    '+'             shift, and go to state 81
    '-'             shift, and go to state 82
    '~'             shift, and go to state 83
    '!'             shift, and go to state 84

    primary_expression         go to state 85
    postfix_expression         go to state 86
    unary_expression           go to state 87
    unary_operator             go to state 88
    cast_expression            go to state 89
    multiplicative_expression  go to state 90
    additive_expression        go to state 91
    shift_expression           go to state 92
    relational_expression      go to state 93
    equality_expression        go to state 94
    AND_expression             go to state 95
    exclusive_OR_expression    go to state 96
    inclusive_OR_expression    go to state 97
    logical_AND_expression     go to state 98
    logical_OR_expression      go to state 99
    conditional_expression     go to state 100
    assignment_expression      go to state 230


State 148

   32 cast_expression: unary_expression •

    $default  reduce using rule 32 (cast_expression)


State 149

   23 unary_expression: unary_operator cast_expression •

    $default  reduce using rule 23 (unary_expression)


State 150

   35 multiplicative_expression: multiplicative_expression '*' • cast_expression

    IDENTIFIER      shift, and go to state 69
    STRING_LITERAL  shift, and go to state 70
    INT_CONSTANT    shift, and go to state 71
    FLOAT_CONSTANT  shift, and go to state 72
    CHAR_CONSTANT   shift, and go to state 73
    SIZEOF          shift, and go to state 74
    INC_OP          shift, and go to state 75
    DEC_OP          shift, and go to state 76
    '('             shift, and go to state 77
    '&'             shift, and go to state 79
    '*'             shift, and go to state 80
    '+'             shift, and go to state 81
    '-'             shift, and go to state 82
    '~'             shift, and go to state 83
    '!'             shift, and go to state 84

    primary_expression  go to state 85
    postfix_expression  go to state 86
    unary_expression    go to state 148
    unary_operator      go to state 88
    cast_expression     go to state 231


State 151

   36 multiplicative_expression: multiplicative_expression '/' • cast_expression

    IDENTIFIER      shift, and go to state 69
    STRING_LITERAL  shift, and go to state 70
    INT_CONSTANT    shift, and go to state 71
    FLOAT_CONSTANT  shift, and go to state 72
    CHAR_CONSTANT   shift, and go to state 73
    SIZEOF          shift, and go to state 74
    INC_OP          shift, and go to state 75
    DEC_OP          shift, and go to state 76
    '('             shift, and go to state 77
    '&'             shift, and go to state 79
    '*'             shift, and go to state 80
    '+'             shift, and go to state 81
    '-'             shift, and go to state 82
    '~'             shift, and go to state 83
    '!'             shift, and go to state 84

    primary_expression  go to state 85
    postfix_expression  go to state 86
    unary_expression    go to state 148
    unary_operator      go to state 88
    cast_expression     go to state 232


State 152

   37 multiplicative_expression: multiplicative_expression '%' • cast_expression

    IDENTIFIER      shift, and go to state 69
    STRING_LITERAL  shift, and go to state 70
    INT_CONSTANT    shift, and go to state 71
    FLOAT_CONSTANT  shift, and go to state 72
    CHAR_CONSTANT   shift, and go to state 73
    SIZEOF          shift, and go to state 74
    INC_OP          shift, and go to state 75
    DEC_OP          shift, and go to state 76
    '('             shift, and go to state 77
    '&'             shift, and go to state 79
    '*'             shift, and go to state 80
    '+'             shift, and go to state 81
    '-'             shift, and go to state 82
    '~'             shift, and go to state 83
    '!'             shift, and go to state 84

    primary_expression  go to state 85
    postfix_expression  go to state 86
    unary_expression    go to state 148
    unary_operator      go to state 88
    cast_expression     go to state 233


State 153

   39 additive_expression: additive_expression '+' • multiplicative_expression

    IDENTIFIER      shift, and go to state 69
    STRING_LITERAL  shift, and go to state 70
    INT_CONSTANT    shift, and go to state 71
    FLOAT_CONSTANT  shift, and go to state 72
    CHAR_CONSTANT   shift, and go to state 73
    SIZEOF          shift, and go to state 74
    INC_OP          shift, and go to state 75
    DEC_OP          shift, and go to state 76
    '('             shift, and go to state 77
    '&'             shift, and go to state 79
    '*'             shift, and go to state 80
    '+'             shift, and go to state 81
    '-'             shift, and go to state 82
    '~'             shift, and go to state 83
    '!'             shift, and go to state 84

    primary_expression         go to state 85
    postfix_expression         go to state 86
    unary_expression           go to state 148
    unary_operator             go to state 88
    cast_expression            go to state 89
    multiplicative_expression  go to state 234


State 154

   40 additive_expression: additive_expression '-' • multiplicative_expression

    IDENTIFIER      shift, and go to state 69
    STRING_LITERAL  shift, and go to state 70
    INT_CONSTANT    shift, and go to state 71
    FLOAT_CONSTANT  shift, and go to state 72
    CHAR_CONSTANT   shift, and go to state 73
    SIZEOF          shift, and go to state 74
    INC_OP          shift, and go to state 75
    DEC_OP          shift, and go to state 76
    '('             shift, and go to state 77
    '&'             shift, and go to state 79
    '*'             shift, and go to state 80
    '+'             shift, and go to state 81
    '-'             shift, and go to state 82
    '~'             shift, and go to state 83
    '!'             shift, and go to state 84

    primary_expression         go to state 85
    postfix_expression         go to state 86
    unary_expression           go to state 148
    unary_operator             go to state 88
    cast_expression            go to state 89
    multiplicative_expression  go to state 235


State 155

   43 shift_expression: shift_expression RIGHT_OP • additive_expression

    IDENTIFIER      shift, and go to state 69
    STRING_LITERAL  shift, and go to state 70
    INT_CONSTANT    shift, and go to state 71
    FLOAT_CONSTANT  shift, and go to state 72
    CHAR_CONSTANT   shift, and go to state 73
    SIZEOF          shift, and go to state 74
    INC_OP          shift, and go to state 75
    DEC_OP          shift, and go to state 76
    '('             shift, and go to state 77
    '&'             shift, and go to state 79
    '*'             shift, and go to state 80
    '+'             shift, and go to state 81
    '-'             shift, and go to state 82
    '~'             shift, and go to state 83
    '!'             shift, and go to state 84

    primary_expression         go to state 85
    postfix_expression         go to state 86
    unary_expression           go to state 148
    unary_operator             go to state 88
    cast_expression            go to state 89
    multiplicative_expression  go to state 90
    additive_expression        go to state 236


State 156

   42 shift_expression: shift_expression LEFT_OP • additive_expression

    IDENTIFIER      shift, and go to state 69
    STRING_LITERAL  shift, and go to state 70
    INT_CONSTANT    shift, and go to state 71
    FLOAT_CONSTANT  shift, and go to state 72
    CHAR_CONSTANT   shift, and go to state 73
    SIZEOF          shift, and go to state 74
    INC_OP          shift, and go to state 75
    DEC_OP          shift, and go to state 76
    '('             shift, and go to state 77
    '&'             shift, and go to state 79
    '*'             shift, and go to state 80
    '+'             shift, and go to state 81
    '-'             shift, and go to state 82
    '~'             shift, and go to state 83
    '!'             shift, and go to state 84

    primary_expression         go to state 85
    postfix_expression         go to state 86
    unary_expression           go to state 148
    unary_operator             go to state 88
    cast_expression            go to state 89
    multiplicative_expression  go to state 90
    additive_expression        go to state 237


State 157

   47 relational_expression: relational_expression LE_OP • shift_expression

    IDENTIFIER      shift, and go to state 69
    STRING_LITERAL  shift, and go to state 70
    INT_CONSTANT    shift, and go to state 71
    FLOAT_CONSTANT  shift, and go to state 72
    CHAR_CONSTANT   shift, and go to state 73
    SIZEOF          shift, and go to state 74
    INC_OP          shift, and go to state 75
    DEC_OP          shift, and go to state 76
    '('             shift, and go to state 77
    '&'             shift, and go to state 79
    '*'             shift, and go to state 80
    '+'             shift, and go to state 81
    '-'             shift, and go to state 82
    '~'             shift, and go to state 83
    '!'             shift, and go to state 84

    primary_expression         go to state 85
    postfix_expression         go to state 86
    unary_expression           go to state 148
    unary_operator             go to state 88
    cast_expression            go to state 89
    multiplicative_expression  go to state 90
    additive_expression        go to state 91
    shift_expression           go to state 238


State 158

   48 relational_expression: relational_expression GE_OP • shift_expression

    IDENTIFIER      shift, and go to state 69
    STRING_LITERAL  shift, and go to state 70
    INT_CONSTANT    shift, and go to state 71
    FLOAT_CONSTANT  shift, and go to state 72
    CHAR_CONSTANT   shift, and go to state 73
    SIZEOF          shift, and go to state 74
    INC_OP          shift, and go to state 75
    DEC_OP          shift, and go to state 76
    '('             shift, and go to state 77
    '&'             shift, and go to state 79
    '*'             shift, and go to state 80
    '+'             shift, and go to state 81
    '-'             shift, and go to state 82
    '~'             shift, and go to state 83
    '!'             shift, and go to state 84

    primary_expression         go to state 85
    postfix_expression         go to state 86
    unary_expression           go to state 148
    unary_operator             go to state 88
    cast_expression            go to state 89
    multiplicative_expression  go to state 90
    additive_expression        go to state 91
    shift_expression           go to state 239


State 159

   45 relational_expression: relational_expression '<' • shift_expression

    IDENTIFIER      shift, and go to state 69
    STRING_LITERAL  shift, and go to state 70
    INT_CONSTANT    shift, and go to state 71
    FLOAT_CONSTANT  shift, and go to state 72
    CHAR_CONSTANT   shift, and go to state 73
    SIZEOF          shift, and go to state 74
    INC_OP          shift, and go to state 75
    DEC_OP          shift, and go to state 76
    '('             shift, and go to state 77
    '&'             shift, and go to state 79
    '*'             shift, and go to state 80
    '+'             shift, and go to state 81
    '-'             shift, and go to state 82
    '~'             shift, and go to state 83
    '!'             shift, and go to state 84

    primary_expression         go to state 85
    postfix_expression         go to state 86
    unary_expression           go to state 148
    unary_operator             go to state 88
    cast_expression            go to state 89
    multiplicative_expression  go to state 90
    additive_expression        go to state 91
    shift_expression           go to state 240


State 160

   46 relational_expression: relational_expression '>' • shift_expression

    IDENTIFIER      shift, and go to state 69
    STRING_LITERAL  shift, and go to state 70
    INT_CONSTANT    shift, and go to state 71
    FLOAT_CONSTANT  shift, and go to state 72
    CHAR_CONSTANT   shift, and go to state 73
    SIZEOF          shift, and go to state 74
    INC_OP          shift, and go to state 75
    DEC_OP          shift, and go to state 76
    '('             shift, and go to state 77
    '&'             shift, and go to state 79
    '*'             shift, and go to state 80
    '+'             shift, and go to state 81
    '-'             shift, and go to state 82
    '~'             shift, and go to state 83
    '!'             shift, and go to state 84

    primary_expression         go to state 85
    postfix_expression         go to state 86
    unary_expression           go to state 148
    unary_operator             go to state 88
    cast_expression            go to state 89
    multiplicative_expression  go to state 90
    additive_expression        go to state 91
    shift_expression           go to state 241


State 161

   50 equality_expression: equality_expression EQ_OP • relational_expression

    IDENTIFIER      shift, and go to state 69
    STRING_LITERAL  shift, and go to state 70
    INT_CONSTANT    shift, and go to state 71
    FLOAT_CONSTANT  shift, and go to state 72
    CHAR_CONSTANT   shift, and go to state 73
    SIZEOF          shift, and go to state 74
    INC_OP          shift, and go to state 75
    DEC_OP          shift, and go to state 76
    '('             shift, and go to state 77
    '&'             shift, and go to state 79
    '*'             shift, and go to state 80
    '+'             shift, and go to state 81
    '-'             shift, and go to state 82
    '~'             shift, and go to state 83
    '!'             shift, and go to state 84

    primary_expression         go to state 85
    postfix_expression         go to state 86
    unary_expression           go to state 148
    unary_operator             go to state 88
    cast_expression            go to state 89
    multiplicative_expression  go to state 90
    additive_expression        go to state 91
    shift_expression           go to state 92
    relational_expression      go to state 242


State 162

   51 equality_expression: equality_expression NE_OP • relational_expression

    IDENTIFIER      shift, and go to state 69
    STRING_LITERAL  shift, and go to state 70
    INT_CONSTANT    shift, and go to state 71
    FLOAT_CONSTANT  shift, and go to state 72
    CHAR_CONSTANT   shift, and go to state 73
    SIZEOF          shift, and go to state 74
    INC_OP          shift, and go to state 75
    DEC_OP          shift, and go to state 76
    '('             shift, and go to state 77
    '&'             shift, and go to state 79
    '*'             shift, and go to state 80
    '+'             shift, and go to state 81
    '-'             shift, and go to state 82
    '~'             shift, and go to state 83
    '!'             shift, and go to state 84

    primary_expression         go to state 85
    postfix_expression         go to state 86
    unary_expression           go to state 148
    unary_operator             go to state 88
    cast_expression            go to state 89
    multiplicative_expression  go to state 90
    additive_expression        go to state 91
    shift_expression           go to state 92
    relational_expression      go to state 243


State 163

   53 AND_expression: AND_expression '&' • equality_expression

    IDENTIFIER      shift, and go to state 69
    STRING_LITERAL  shift, and go to state 70
    INT_CONSTANT    shift, and go to state 71
    FLOAT_CONSTANT  shift, and go to state 72
    CHAR_CONSTANT   shift, and go to state 73
    SIZEOF          shift, and go to state 74
    INC_OP          shift, and go to state 75
    DEC_OP          shift, and go to state 76
    '('             shift, and go to state 77
    '&'             shift, and go to state 79
    '*'             shift, and go to state 80
    '+'             shift, and go to state 81
    '-'             shift, and go to state 82
    '~'             shift, and go to state 83
    '!'             shift, and go to state 84

    primary_expression         go to state 85
    postfix_expression         go to state 86
    unary_expression           go to state 148
    unary_operator             go to state 88
    cast_expression            go to state 89
    multiplicative_expression  go to state 90
    additive_expression        go to state 91
    shift_expression           go to state 92
    relational_expression      go to state 93
    equality_expression        go to state 244


State 164

   55 exclusive_OR_expression: exclusive_OR_expression '^' • AND_expression

    IDENTIFIER      shift, and go to state 69
    STRING_LITERAL  shift, and go to state 70
    INT_CONSTANT    shift, and go to state 71
    FLOAT_CONSTANT  shift, and go to state 72
    CHAR_CONSTANT   shift, and go to state 73
    SIZEOF          shift, and go to state 74
    INC_OP          shift, and go to state 75
    DEC_OP          shift, and go to state 76
    '('             shift, and go to state 77
    '&'             shift, and go to state 79
    '*'             shift, and go to state 80
    '+'             shift, and go to state 81
    '-'             shift, and go to state 82
    '~'             shift, and go to state 83
    '!'             shift, and go to state 84

    primary_expression         go to state 85
    postfix_expression         go to state 86
    unary_expression           go to state 148
    unary_operator             go to state 88
    cast_expression            go to state 89
    multiplicative_expression  go to state 90
    additive_expression        go to state 91
    shift_expression           go to state 92
    relational_expression      go to state 93
    equality_expression        go to state 94
    AND_expression             go to state 245


State 165

   57 inclusive_OR_expression: inclusive_OR_expression '|' • exclusive_OR_expression

    IDENTIFIER      shift, and go to state 69
    STRING_LITERAL  shift, and go to state 70
    INT_CONSTANT    shift, and go to state 71
    FLOAT_CONSTANT  shift, and go to state 72
    CHAR_CONSTANT   shift, and go to state 73
    SIZEOF          shift, and go to state 74
    INC_OP          shift, and go to state 75
    DEC_OP          shift, and go to state 76
    '('             shift, and go to state 77
    '&'             shift, and go to state 79
    '*'             shift, and go to state 80
    '+'             shift, and go to state 81
    '-'             shift, and go to state 82
    '~'             shift, and go to state 83
    '!'             shift, and go to state 84

    primary_expression         go to state 85
    postfix_expression         go to state 86
    unary_expression           go to state 148
    unary_operator             go to state 88
    cast_expression            go to state 89
    multiplicative_expression  go to state 90
    additive_expression        go to state 91
    shift_expression           go to state 92
    relational_expression      go to state 93
    equality_expression        go to state 94
    AND_expression             go to state 95
    exclusive_OR_expression    go to state 246


State 166

   59 logical_AND_expression: logical_AND_expression AND_OP • inclusive_OR_expression

    IDENTIFIER      shift, and go to state 69
    STRING_LITERAL  shift, and go to state 70
    INT_CONSTANT    shift, and go to state 71
    FLOAT_CONSTANT  shift, and go to state 72
    CHAR_CONSTANT   shift, and go to state 73
    SIZEOF          shift, and go to state 74
    INC_OP          shift, and go to state 75
    DEC_OP          shift, and go to state 76
    '('             shift, and go to state 77
    '&'             shift, and go to state 79
    '*'             shift, and go to state 80
    '+'             shift, and go to state 81
    '-'             shift, and go to state 82
    '~'             shift, and go to state 83
    '!'             shift, and go to state 84

    primary_expression         go to state 85
    postfix_expression         go to state 86
    unary_expression           go to state 148
    unary_operator             go to state 88
    cast_expression            go to state 89
    multiplicative_expression  go to state 90
    additive_expression        go to state 91
    shift_expression           go to state 92
    relational_expression      go to state 93
    equality_expression        go to state 94
    AND_expression             go to state 95
    exclusive_OR_expression    go to state 96
    inclusive_OR_expression    go to state 247


State 167

   61 logical_OR_expression: logical_OR_expression OR_OP • logical_AND_expression

    IDENTIFIER      shift, and go to state 69
    STRING_LITERAL  shift, and go to state 70
    INT_CONSTANT    shift, and go to state 71
    FLOAT_CONSTANT  shift, and go to state 72
    CHAR_CONSTANT   shift, and go to state 73
    SIZEOF          shift, and go to state 74
    INC_OP          shift, and go to state 75
    DEC_OP          shift, and go to state 76
    '('             shift, and go to state 77
    '&'             shift, and go to state 79
    '*'             shift, and go to state 80
    '+'             shift, and go to state 81
    '-'             shift, and go to state 82
    '~'             shift, and go to state 83
    '!'             shift, and go to state 84

    primary_expression         go to state 85
    postfix_expression         go to state 86
    unary_expression           go to state 148
    unary_operator             go to state 88
    cast_expression            go to state 89
    multiplicative_expression  go to state 90
    additive_expression        go to state 91
    shift_expression           go to state 92
    relational_expression      go to state 93
    equality_expression        go to state 94
    AND_expression             go to state 95
    exclusive_OR_expression    go to state 96
    inclusive_OR_expression    go to state 97
    logical_AND_expression     go to state 248


State 168

   63 conditional_expression: logical_OR_expression '?' • expression ':' conditional_expression

    IDENTIFIER      shift, and go to state 69
    STRING_LITERAL  shift, and go to state 70
    INT_CONSTANT    shift, and go to state 71
    FLOAT_CONSTANT  shift, and go to state 72
    CHAR_CONSTANT   shift, and go to state 73
    SIZEOF          shift, and go to state 74
    INC_OP          shift, and go to state 75
    DEC_OP          shift, and go to state 76
    '('             shift, and go to state 77
    '&'             shift, and go to state 79
    '*'             shift, and go to state 80
    '+'             shift, and go to state 81
    '-'             shift, and go to state 82
    '~'             shift, and go to state 83
    '!'             shift, and go to state 84

    primary_expression         go to state 85
    postfix_expression         go to state 86
    unary_expression           go to state 87
    unary_operator             go to state 88
    cast_expression            go to state 89
    multiplicative_expression  go to state 90
    additive_expression        go to state 91
    shift_expression           go to state 92
    relational_expression      go to state 93
    equality_expression        go to state 94
    AND_expression             go to state 95
    exclusive_OR_expression    go to state 96
    inclusive_OR_expression    go to state 97
    logical_AND_expression     go to state 98
    logical_OR_expression      go to state 99
    conditional_expression     go to state 100
    assignment_expression      go to state 117
    expression                 go to state 249


State 169

    1 primary_expression: IDENTIFIER •
  177 labeled_statement: IDENTIFIER • ':' statement

    ':'  shift, and go to state 250

    $default  reduce using rule 1 (primary_expression)


State 170

  197 jump_statement: BREAK • ';'

    ';'  shift, and go to state 251


State 171

  178 labeled_statement: CASE • constant_expression ':' statement

    IDENTIFIER      shift, and go to state 69
    STRING_LITERAL  shift, and go to state 70
    INT_CONSTANT    shift, and go to state 71
    FLOAT_CONSTANT  shift, and go to state 72
    CHAR_CONSTANT   shift, and go to state 73
    SIZEOF          shift, and go to state 74
    INC_OP          shift, and go to state 75
    DEC_OP          shift, and go to state 76
    '('             shift, and go to state 77
    '&'             shift, and go to state 79
    '*'             shift, and go to state 80
    '+'             shift, and go to state 81
    '-'             shift, and go to state 82
    '~'             shift, and go to state 83
    '!'             shift, and go to state 84

    primary_expression         go to state 85
    postfix_expression         go to state 86
    unary_expression           go to state 148
    unary_operator             go to state 88
    cast_expression            go to state 89
    multiplicative_expression  go to state 90
    additive_expression        go to state 91
    shift_expression           go to state 92
    relational_expression      go to state 93
    equality_expression        go to state 94
    AND_expression             go to state 95
    exclusive_OR_expression    go to state 96
    inclusive_OR_expression    go to state 97
    logical_AND_expression     go to state 98
    logical_OR_expression      go to state 99
    conditional_expression     go to state 205
    constant_expression        go to state 252


State 172

  196 jump_statement: CONTINUE • ';'

    ';'  shift, and go to state 253


State 173

  179 labeled_statement: DEFAULT • ':' statement

    ':'  shift, and go to state 254


State 174

  192 iteration_statement: DO • statement WHILE '(' expression ')' ';'

    IDENTIFIER      shift, and go to state 169
    STRING_LITERAL  shift, and go to state 70
    INT_CONSTANT    shift, and go to state 71
    FLOAT_CONSTANT  shift, and go to state 72
    CHAR_CONSTANT   shift, and go to state 73
    BREAK           shift, and go to state 170
    CASE            shift, and go to state 171
    CONTINUE        shift, and go to state 172
    DEFAULT         shift, and go to state 173
    DO              shift, and go to state 174
    FOR             shift, and go to state 175
    GOTO            shift, and go to state 176
    IF              shift, and go to state 177
    RETURN          shift, and go to state 178
    SIZEOF          shift, and go to state 74
    SWITCH          shift, and go to state 179
    WHILE           shift, and go to state 180
    INC_OP          shift, and go to state 75
    DEC_OP          shift, and go to state 76
    '('             shift, and go to state 77
    '{'             shift, and go to state 103
    '&'             shift, and go to state 79
    '*'             shift, and go to state 80
    '+'             shift, and go to state 81
    '-'             shift, and go to state 82
    '~'             shift, and go to state 83
    '!'             shift, and go to state 84

    $default  reduce using rule 80 (expression_opt)

    primary_expression         go to state 85
    postfix_expression         go to state 86
    unary_expression           go to state 87
    unary_operator             go to state 88
    cast_expression            go to state 89
    multiplicative_expression  go to state 90
    additive_expression        go to state 91
    shift_expression           go to state 92
    relational_expression      go to state 93
    equality_expression        go to state 94
    AND_expression             go to state 95
    exclusive_OR_expression    go to state 96
    inclusive_OR_expression    go to state 97
    logical_AND_expression     go to state 98
    logical_OR_expression      go to state 99
    conditional_expression     go to state 100
    assignment_expression      go to state 117
    expression                 go to state 181
    expression_opt             go to state 182
    statement                  go to state 255
    labeled_statement          go to state 185
    compound_statement         go to state 186
    expression_statement       go to state 190
    selection_statement        go to state 191
    iteration_statement        go to state 192
    jump_statement             go to state 193


State 175

  193 iteration_statement: FOR • '(' expression_opt ';' expression_opt ';' expression_opt ')' statement
  194                    | FOR • '(' declaration expression_opt ';' expression_opt ')' statement

    '('  shift, and go to state 256


State 176

  195 jump_statement: GOTO • IDENTIFIER ';'

    IDENTIFIER  shift, and go to state 257


State 177

  188 selection_statement: IF • '(' expression ')' statement
  189                    | IF • '(' expression ')' statement ELSE statement

    '('  shift, and go to state 258


State 178

  198 jump_statement: RETURN • expression_opt ';'

    IDENTIFIER      shift, and go to state 69
    STRING_LITERAL  shift, and go to state 70
    INT_CONSTANT    shift, and go to state 71
    FLOAT_CONSTANT  shift, and go to state 72
    CHAR_CONSTANT   shift, and go to state 73
    SIZEOF          shift, and go to state 74
    INC_OP          shift, and go to state 75
    DEC_OP          shift, and go to state 76
    '('             shift, and go to state 77
    '&'             shift, and go to state 79
    '*'             shift, and go to state 80
    '+'             shift, and go to state 81
    '-'             shift, and go to state 82
    '~'             shift, and go to state 83
    '!'             shift, and go to state 84

    $default  reduce using rule 80 (expression_opt)

    primary_expression         go to state 85
    postfix_expression         go to state 86
    unary_expression           go to state 87
    unary_operator             go to state 88
    cast_expression            go to state 89
    multiplicative_expression  go to state 90
    additive_expression        go to state 91
    shift_expression           go to state 92
    relational_expression      go to state 93
    equality_expression        go to state 94
    AND_expression             go to state 95
    exclusive_OR_expression    go to state 96
    inclusive_OR_expression    go to state 97
    logical_AND_expression     go to state 98
    logical_OR_expression      go to state 99
    conditional_expression     go to state 100
    assignment_expression      go to state 117
    expression                 go to state 181
    expression_opt             go to state 259


State 179

  190 selection_statement: SWITCH • '(' expression ')' statement

    '('  shift, and go to state 260


State 180

  191 iteration_statement: WHILE • '(' expression ')' statement

    '('  shift, and go to state 261


State 181

   78 expression: expression • ',' assignment_expression
   79 expression_opt: expression •

    ','  shift, and go to state 212

    $default  reduce using rule 79 (expression_opt)


State 182

  187 expression_statement: expression_opt • ';'

    ';'  shift, and go to state 262


State 183

  185 block_item: declaration •

    $default  reduce using rule 185 (block_item)


State 184

  186 block_item: statement •

    $default  reduce using rule 186 (block_item)


State 185

  171 statement: labeled_statement •

    $default  reduce using rule 171 (statement)


State 186

  172 statement: compound_statement •

    $default  reduce using rule 172 (statement)


State 187

  180 compound_statement: '{' block_item_list_opt • '}'

    '}'  shift, and go to state 263


State 188

  181 block_item_list_opt: block_item_list •
  184 block_item_list: block_item_list • block_item

    IDENTIFIER      shift, and go to state 169
    STRING_LITERAL  shift, and go to state 70
    INT_CONSTANT    shift, and go to state 71
    FLOAT_CONSTANT  shift, and go to state 72
    CHAR_CONSTANT   shift, and go to state 73
    AUTO            shift, and go to state 1
    BREAK           shift, and go to state 170
    CASE            shift, and go to state 171
    CHAR            shift, and go to state 2
    CONST           shift, and go to state 3
    CONTINUE        shift, and go to state 172
    DEFAULT         shift, and go to state 173
    DO              shift, and go to state 174
    DOUBLE          shift, and go to state 4
    ENUM            shift, and go to state 5
    EXTERN          shift, and go to state 6
    FLOAT           shift, and go to state 7
    FOR             shift, and go to state 175
    GOTO            shift, and go to state 176
    IF              shift, and go to state 177
    INLINE          shift, and go to state 8
    INT             shift, and go to state 9
    LONG            shift, and go to state 10
    REGISTER        shift, and go to state 11
    RESTRICT        shift, and go to state 12
    RETURN          shift, and go to state 178
    SHORT           shift, and go to state 13
    SIGNED          shift, and go to state 14
    SIZEOF          shift, and go to state 74
    STATIC          shift, and go to state 15
    SWITCH          shift, and go to state 179
    UNSIGNED        shift, and go to state 16
    VOID            shift, and go to state 17
    VOLATILE        shift, and go to state 18
    WHILE           shift, and go to state 180
    BOOL            shift, and go to state 19
    COMPLEX         shift, and go to state 20
    IMAGINARY       shift, and go to state 21
    INC_OP          shift, and go to state 75
    DEC_OP          shift, and go to state 76
    '('             shift, and go to state 77
    '{'             shift, and go to state 103
    '&'             shift, and go to state 79
    '*'             shift, and go to state 80
    '+'             shift, and go to state 81
    '-'             shift, and go to state 82
    '~'             shift, and go to state 83
    '!'             shift, and go to state 84

    '}'       reduce using rule 181 (block_item_list_opt)
    $default  reduce using rule 80 (expression_opt)

    primary_expression         go to state 85
    postfix_expression         go to state 86
    unary_expression           go to state 87
    unary_operator             go to state 88
    cast_expression            go to state 89
    multiplicative_expression  go to state 90
    additive_expression        go to state 91
    shift_expression           go to state 92
    relational_expression      go to state 93
    equality_expression        go to state 94
    AND_expression             go to state 95
    exclusive_OR_expression    go to state 96
    inclusive_OR_expression    go to state 97
    logical_AND_expression     go to state 98
    logical_OR_expression      go to state 99
    conditional_expression     go to state 100
    assignment_expression      go to state 117
    expression                 go to state 181
    expression_opt             go to state 182
    declaration                go to state 183
    declaration_specifiers     go to state 56
    storage_class_specifier    go to state 24
    type_specifier             go to state 25
    enum_specifier             go to state 26
    type_qualifier             go to state 27
    function_specifier         go to state 28
    statement                  go to state 184
    labeled_statement          go to state 185
    compound_statement         go to state 186
    block_item                 go to state 264
    expression_statement       go to state 190
    selection_statement        go to state 191
    iteration_statement        go to state 192
    jump_statement             go to state 193


State 189

  183 block_item_list: block_item •

    $default  reduce using rule 183 (block_item_list)


State 190

  173 statement: expression_statement •

    $default  reduce using rule 173 (statement)


State 191

  174 statement: selection_statement •

    $default  reduce using rule 174 (statement)


State 192

  175 statement: iteration_statement •

    $default  reduce using rule 175 (statement)


State 193

  176 statement: jump_statement •

    $default  reduce using rule 176 (statement)


State 194

  133 direct_declarator: '(' declarator ')' •

    $default  reduce using rule 133 (direct_declarator)


State 195

  156 identifier_list: IDENTIFIER •

    $default  reduce using rule 156 (identifier_list)


State 196

  154 parameter_declaration: declaration_specifiers • declarator
  155                      | declaration_specifiers •

    '*'  shift, and go to state 34

    ')'       reduce using rule 155 (parameter_declaration)
    ','       reduce using rule 155 (parameter_declaration)
    $default  reduce using rule 131 (pointer_opt)

    declarator   go to state 265
    pointer_opt  go to state 39
    pointer      go to state 40


State 197

  139 direct_declarator: direct_declarator '(' identifier_list_opt • ')'

    ')'  shift, and go to state 266


State 198

  138 direct_declarator: direct_declarator '(' parameter_type_list • ')'

    ')'  shift, and go to state 267


State 199

  150 parameter_type_list: parameter_list •
  151                    | parameter_list • ',' ELLIPSIS
  153 parameter_list: parameter_list • ',' parameter_declaration

    ','  shift, and go to state 268

    $default  reduce using rule 150 (parameter_type_list)


State 200

  152 parameter_list: parameter_declaration •

    $default  reduce using rule 152 (parameter_list)


State 201

  142 identifier_list_opt: identifier_list •
  157 identifier_list: identifier_list • ',' IDENTIFIER

    ','  shift, and go to state 269

    $default  reduce using rule 142 (identifier_list_opt)


State 202

  135 direct_declarator: direct_declarator '[' STATIC • type_qualifier_list_opt assignment_expression ']'

    CONST     shift, and go to state 3
    RESTRICT  shift, and go to state 12
    VOLATILE  shift, and go to state 18

    $default  reduce using rule 149 (type_qualifier_list_opt)

    type_qualifier           go to state 49
    type_qualifier_list      go to state 50
    type_qualifier_list_opt  go to state 270


State 203

  136 direct_declarator: direct_declarator '[' type_qualifier_list • STATIC assignment_expression ']'
  147 type_qualifier_list: type_qualifier_list • type_qualifier
  148 type_qualifier_list_opt: type_qualifier_list •

    CONST     shift, and go to state 3
    RESTRICT  shift, and go to state 12
    STATIC    shift, and go to state 271
    VOLATILE  shift, and go to state 18

    $default  reduce using rule 148 (type_qualifier_list_opt)

    type_qualifier  go to state 65


State 204

  134 direct_declarator: direct_declarator '[' type_qualifier_list_opt • assignment_expression_opt ']'
  137                  | direct_declarator '[' type_qualifier_list_opt • '*' ']'

    IDENTIFIER      shift, and go to state 69
    STRING_LITERAL  shift, and go to state 70
    INT_CONSTANT    shift, and go to state 71
    FLOAT_CONSTANT  shift, and go to state 72
    CHAR_CONSTANT   shift, and go to state 73
    SIZEOF          shift, and go to state 74
    INC_OP          shift, and go to state 75
    DEC_OP          shift, and go to state 76
    '('             shift, and go to state 77
    '&'             shift, and go to state 79
    '*'             shift, and go to state 272
    '+'             shift, and go to state 81
    '-'             shift, and go to state 82
    '~'             shift, and go to state 83
    '!'             shift, and go to state 84

    $default  reduce using rule 141 (assignment_expression_opt)

    primary_expression         go to state 85
    postfix_expression         go to state 86
    unary_expression           go to state 87
    unary_operator             go to state 88
    cast_expression            go to state 89
    multiplicative_expression  go to state 90
    additive_expression        go to state 91
    shift_expression           go to state 92
    relational_expression      go to state 93
    equality_expression        go to state 94
    AND_expression             go to state 95
    exclusive_OR_expression    go to state 96
    inclusive_OR_expression    go to state 97
    logical_AND_expression     go to state 98
    logical_OR_expression      go to state 99
    conditional_expression     go to state 100
    assignment_expression      go to state 273
    assignment_expression_opt  go to state 274


State 205

   81 constant_expression: conditional_expression •

    $default  reduce using rule 81 (constant_expression)


State 206

  124 enumerator: IDENTIFIER '=' constant_expression •

    $default  reduce using rule 124 (enumerator)


State 207

  117 enum_specifier: ENUM identifier_opt '{' enumerator_list ',' '}' •

    $default  reduce using rule 117 (enum_specifier)


State 208

  122 enumerator_list: enumerator_list ',' enumerator •

    $default  reduce using rule 122 (enumerator_list)


State 209

   14 postfix_expression: '(' type_name • ')' '{' initializer_list '}'
   15                   | '(' type_name • ')' '{' initializer_list ',' '}'
   25 unary_expression: SIZEOF '(' type_name • ')'

    ')'  shift, and go to state 275


State 210

   14 postfix_expression: '(' type_name • ')' '{' initializer_list '}'
   15                   | '(' type_name • ')' '{' initializer_list ',' '}'

    ')'  shift, and go to state 276


State 211

    6 primary_expression: '(' expression ')' •

    $default  reduce using rule 6 (primary_expression)


State 212

   78 expression: expression ',' • assignment_expression

    IDENTIFIER      shift, and go to state 69
    STRING_LITERAL  shift, and go to state 70
    INT_CONSTANT    shift, and go to state 71
    FLOAT_CONSTANT  shift, and go to state 72
    CHAR_CONSTANT   shift, and go to state 73
    SIZEOF          shift, and go to state 74
    INC_OP          shift, and go to state 75
    DEC_OP          shift, and go to state 76
    '('             shift, and go to state 77
    '&'             shift, and go to state 79
    '*'             shift, and go to state 80
    '+'             shift, and go to state 81
    '-'             shift, and go to state 82
    '~'             shift, and go to state 83
    '!'             shift, and go to state 84

    primary_expression         go to state 85
    postfix_expression         go to state 86
    unary_expression           go to state 87
    unary_operator             go to state 88
    cast_expression            go to state 89
    multiplicative_expression  go to state 90
    additive_expression        go to state 91
    shift_expression           go to state 92
    relational_expression      go to state 93
    equality_expression        go to state 94
    AND_expression             go to state 95
    exclusive_OR_expression    go to state 96
    inclusive_OR_expression    go to state 97
    logical_AND_expression     go to state 98
    logical_OR_expression      go to state 99
    conditional_expression     go to state 100
    assignment_expression      go to state 277


State 213

  114 specifier_qualifier_list_opt: specifier_qualifier_list •

    $default  reduce using rule 114 (specifier_qualifier_list_opt)


State 214

  112 specifier_qualifier_list: type_specifier specifier_qualifier_list_opt •

    $default  reduce using rule 112 (specifier_qualifier_list)


State 215

  113 specifier_qualifier_list: type_qualifier specifier_qualifier_list_opt •

    $default  reduce using rule 113 (specifier_qualifier_list)


State 216

   14 postfix_expression: '(' type_name ')' • '{' initializer_list '}'
   15                   | '(' type_name ')' • '{' initializer_list ',' '}'
   33 cast_expression: '(' type_name ')' • cast_expression

    IDENTIFIER      shift, and go to state 69
    STRING_LITERAL  shift, and go to state 70
    INT_CONSTANT    shift, and go to state 71
    FLOAT_CONSTANT  shift, and go to state 72
    CHAR_CONSTANT   shift, and go to state 73
    SIZEOF          shift, and go to state 74
    INC_OP          shift, and go to state 75
    DEC_OP          shift, and go to state 76
    '('             shift, and go to state 77
    '{'             shift, and go to state 278
    '&'             shift, and go to state 79
    '*'             shift, and go to state 80
    '+'             shift, and go to state 81
    '-'             shift, and go to state 82
    '~'             shift, and go to state 83
    '!'             shift, and go to state 84

    primary_expression  go to state 85
    postfix_expression  go to state 86
    unary_expression    go to state 148
    unary_operator      go to state 88
    cast_expression     go to state 279


State 217

  169 designator: '[' constant_expression • ']'

    ']'  shift, and go to state 280


State 218

  170 designator: '.' IDENTIFIER •

    $default  reduce using rule 170 (designator)


State 219

  160 initializer: '{' initializer_list '}' •

    $default  reduce using rule 160 (initializer)


State 220

  161 initializer: '{' initializer_list ',' • '}'
  163 initializer_list: initializer_list ',' • designation_opt initializer

    '['  shift, and go to state 123
    '.'  shift, and go to state 124
    '}'  shift, and go to state 281

    $default  reduce using rule 165 (designation_opt)

    designation_opt  go to state 282
    designation      go to state 127
    designator_list  go to state 128
    designator       go to state 129


State 221

  162 initializer_list: designation_opt initializer •

    $default  reduce using rule 162 (initializer_list)


State 222

  166 designation: designator_list '=' •

    $default  reduce using rule 166 (designation)


State 223

  168 designator_list: designator_list designator •

    $default  reduce using rule 168 (designator_list)


State 224

   11 postfix_expression: postfix_expression PTR_OP IDENTIFIER •

    $default  reduce using rule 11 (postfix_expression)


State 225

    9 postfix_expression: postfix_expression '(' argument_expression_list_opt • ')'

    ')'  shift, and go to state 283


State 226

   16 argument_expression_list_opt: argument_expression_list •
   19 argument_expression_list: argument_expression_list • ',' assignment_expression

    ','  shift, and go to state 284

    $default  reduce using rule 16 (argument_expression_list_opt)


State 227

   18 argument_expression_list: assignment_expression •

    $default  reduce using rule 18 (argument_expression_list)


State 228

    8 postfix_expression: postfix_expression '[' expression • ']'
   78 expression: expression • ',' assignment_expression

    ']'  shift, and go to state 285
    ','  shift, and go to state 212


State 229

   10 postfix_expression: postfix_expression '.' IDENTIFIER •

    $default  reduce using rule 10 (postfix_expression)


State 230

   65 assignment_expression: unary_expression assignment_operator assignment_expression •

    $default  reduce using rule 65 (assignment_expression)


State 231

   35 multiplicative_expression: multiplicative_expression '*' cast_expression •

    $default  reduce using rule 35 (multiplicative_expression)


State 232

   36 multiplicative_expression: multiplicative_expression '/' cast_expression •

    $default  reduce using rule 36 (multiplicative_expression)


State 233

   37 multiplicative_expression: multiplicative_expression '%' cast_expression •

    $default  reduce using rule 37 (multiplicative_expression)


State 234

   35 multiplicative_expression: multiplicative_expression • '*' cast_expression
   36                          | multiplicative_expression • '/' cast_expression
   37                          | multiplicative_expression • '%' cast_expression
   39 additive_expression: additive_expression '+' multiplicative_expression •

    '*'  shift, and go to state 150
    '/'  shift, and go to state 151
    '%'  shift, and go to state 152

    $default  reduce using rule 39 (additive_expression)


State 235

   35 multiplicative_expression: multiplicative_expression • '*' cast_expression
   36                          | multiplicative_expression • '/' cast_expression
   37                          | multiplicative_expression • '%' cast_expression
   40 additive_expression: additive_expression '-' multiplicative_expression •

    '*'  shift, and go to state 150
    '/'  shift, and go to state 151
    '%'  shift, and go to state 152

    $default  reduce using rule 40 (additive_expression)


State 236

   39 additive_expression: additive_expression • '+' multiplicative_expression
   40                    | additive_expression • '-' multiplicative_expression
   43 shift_expression: shift_expression RIGHT_OP additive_expression •

    '+'  shift, and go to state 153
    '-'  shift, and go to state 154

    $default  reduce using rule 43 (shift_expression)


State 237

   39 additive_expression: additive_expression • '+' multiplicative_expression
   40                    | additive_expression • '-' multiplicative_expression
   42 shift_expression: shift_expression LEFT_OP additive_expression •

    '+'  shift, and go to state 153
    '-'  shift, and go to state 154

    $default  reduce using rule 42 (shift_expression)


State 238

   42 shift_expression: shift_expression • LEFT_OP additive_expression
   43                 | shift_expression • RIGHT_OP additive_expression
   47 relational_expression: relational_expression LE_OP shift_expression •

    RIGHT_OP  shift, and go to state 155
    LEFT_OP   shift, and go to state 156

    $default  reduce using rule 47 (relational_expression)


State 239

   42 shift_expression: shift_expression • LEFT_OP additive_expression
   43                 | shift_expression • RIGHT_OP additive_expression
   48 relational_expression: relational_expression GE_OP shift_expression •

    RIGHT_OP  shift, and go to state 155
    LEFT_OP   shift, and go to state 156

    $default  reduce using rule 48 (relational_expression)


State 240

   42 shift_expression: shift_expression • LEFT_OP additive_expression
   43                 | shift_expression • RIGHT_OP additive_expression
   45 relational_expression: relational_expression '<' shift_expression •

    RIGHT_OP  shift, and go to state 155
    LEFT_OP   shift, and go to state 156

    $default  reduce using rule 45 (relational_expression)


State 241

   42 shift_expression: shift_expression • LEFT_OP additive_expression
   43                 | shift_expression • RIGHT_OP additive_expression
   46 relational_expression: relational_expression '>' shift_expression •

    RIGHT_OP  shift, and go to state 155
    LEFT_OP   shift, and go to state 156

    $default  reduce using rule 46 (relational_expression)


State 242

   45 relational_expression: relational_expression • '<' shift_expression
   46                      | relational_expression • '>' shift_expression
   47                      | relational_expression • LE_OP shift_expression
   48                      | relational_expression • GE_OP shift_expression
   50 equality_expression: equality_expression EQ_OP relational_expression •

    LE_OP  shift, and go to state 157
    GE_OP  shift, and go to state 158
    '<'    shift, and go to state 159
    '>'    shift, and go to state 160

    $default  reduce using rule 50 (equality_expression)


State 243

   45 relational_expression: relational_expression • '<' shift_expression
   46                      | relational_expression • '>' shift_expression
   47                      | relational_expression • LE_OP shift_expression
   48                      | relational_expression • GE_OP shift_expression
   51 equality_expression: equality_expression NE_OP relational_expression •

    LE_OP  shift, and go to state 157
    GE_OP  shift, and go to state 158
    '<'    shift, and go to state 159
    '>'    shift, and go to state 160

    $default  reduce using rule 51 (equality_expression)


State 244

   50 equality_expression: equality_expression • EQ_OP relational_expression
   51                    | equality_expression • NE_OP relational_expression
   53 AND_expression: AND_expression '&' equality_expression •

    EQ_OP  shift, and go to state 161
    NE_OP  shift, and go to state 162

    $default  reduce using rule 53 (AND_expression)


State 245

   53 AND_expression: AND_expression • '&' equality_expression
   55 exclusive_OR_expression: exclusive_OR_expression '^' AND_expression •

    '&'  shift, and go to state 163

    $default  reduce using rule 55 (exclusive_OR_expression)


State 246

   55 exclusive_OR_expression: exclusive_OR_expression • '^' AND_expression
   57 inclusive_OR_expression: inclusive_OR_expression '|' exclusive_OR_expression •

    '^'  shift, and go to state 164

    $default  reduce using rule 57 (inclusive_OR_expression)


State 247

   57 inclusive_OR_expression: inclusive_OR_expression • '|' exclusive_OR_expression
   59 logical_AND_expression: logical_AND_expression AND_OP inclusive_OR_expression •

    '|'  shift, and go to state 165

    $default  reduce using rule 59 (logical_AND_expression)


State 248

   59 logical_AND_expression: logical_AND_expression • AND_OP inclusive_OR_expression
   61 logical_OR_expression: logical_OR_expression OR_OP logical_AND_expression •

    AND_OP  shift, and go to state 166

    $default  reduce using rule 61 (logical_OR_expression)


State 249

   63 conditional_expression: logical_OR_expression '?' expression • ':' conditional_expression
   78 expression: expression • ',' assignment_expression

    ','  shift, and go to state 212
    ':'  shift, and go to state 286


State 250

  177 labeled_statement: IDENTIFIER ':' • statement

    IDENTIFIER      shift, and go to state 169
    STRING_LITERAL  shift, and go to state 70
    INT_CONSTANT    shift, and go to state 71
    FLOAT_CONSTANT  shift, and go to state 72
    CHAR_CONSTANT   shift, and go to state 73
    BREAK           shift, and go to state 170
    CASE            shift, and go to state 171
    CONTINUE        shift, and go to state 172
    DEFAULT         shift, and go to state 173
    DO              shift, and go to state 174
    FOR             shift, and go to state 175
    GOTO            shift, and go to state 176
    IF              shift, and go to state 177
    RETURN          shift, and go to state 178
    SIZEOF          shift, and go to state 74
    SWITCH          shift, and go to state 179
    WHILE           shift, and go to state 180
    INC_OP          shift, and go to state 75
    DEC_OP          shift, and go to state 76
    '('             shift, and go to state 77
    '{'             shift, and go to state 103
    '&'             shift, and go to state 79
    '*'             shift, and go to state 80
    '+'             shift, and go to state 81
    '-'             shift, and go to state 82
    '~'             shift, and go to state 83
    '!'             shift, and go to state 84

    $default  reduce using rule 80 (expression_opt)

    primary_expression         go to state 85
    postfix_expression         go to state 86
    unary_expression           go to state 87
    unary_operator             go to state 88
    cast_expression            go to state 89
    multiplicative_expression  go to state 90
    additive_expression        go to state 91
    shift_expression           go to state 92
    relational_expression      go to state 93
    equality_expression        go to state 94
    AND_expression             go to state 95
    exclusive_OR_expression    go to state 96
    inclusive_OR_expression    go to state 97
    logical_AND_expression     go to state 98
    logical_OR_expression      go to state 99
    conditional_expression     go to state 100
    assignment_expression      go to state 117
    expression                 go to state 181
    expression_opt             go to state 182
    statement                  go to state 287
    labeled_statement          go to state 185
    compound_statement         go to state 186
    expression_statement       go to state 190
    selection_statement        go to state 191
    iteration_statement        go to state 192
    jump_statement             go to state 193


State 251

  197 jump_statement: BREAK ';' •

    $default  reduce using rule 197 (jump_statement)


State 252

  178 labeled_statement: CASE constant_expression • ':' statement

    ':'  shift, and go to state 288


State 253

  196 jump_statement: CONTINUE ';' •

    $default  reduce using rule 196 (jump_statement)


State 254

  179 labeled_statement: DEFAULT ':' • statement

    IDENTIFIER      shift, and go to state 169
    STRING_LITERAL  shift, and go to state 70
    INT_CONSTANT    shift, and go to state 71
    FLOAT_CONSTANT  shift, and go to state 72
    CHAR_CONSTANT   shift, and go to state 73
    BREAK           shift, and go to state 170
    CASE            shift, and go to state 171
    CONTINUE        shift, and go to state 172
    DEFAULT         shift, and go to state 173
    DO              shift, and go to state 174
    FOR             shift, and go to state 175
    GOTO            shift, and go to state 176
    IF              shift, and go to state 177
    RETURN          shift, and go to state 178
    SIZEOF          shift, and go to state 74
    SWITCH          shift, and go to state 179
    WHILE           shift, and go to state 180
    INC_OP          shift, and go to state 75
    DEC_OP          shift, and go to state 76
    '('             shift, and go to state 77
    '{'             shift, and go to state 103
    '&'             shift, and go to state 79
    '*'             shift, and go to state 80
    '+'             shift, and go to state 81
    '-'             shift, and go to state 82
    '~'             shift, and go to state 83
    '!'             shift, and go to state 84

    $default  reduce using rule 80 (expression_opt)

    primary_expression         go to state 85
    postfix_expression         go to state 86
    unary_expression           go to state 87
    unary_operator             go to state 88
    cast_expression            go to state 89
    multiplicative_expression  go to state 90
    additive_expression        go to state 91
    shift_expression           go to state 92
    relational_expression      go to state 93
    equality_expression        go to state 94
    AND_expression             go to state 95
    exclusive_OR_expression    go to state 96
    inclusive_OR_expression    go to state 97
    logical_AND_expression     go to state 98
    logical_OR_expression      go to state 99
    conditional_expression     go to state 100
    assignment_expression      go to state 117
    expression                 go to state 181
    expression_opt             go to state 182
    statement                  go to state 289
    labeled_statement          go to state 185
    compound_statement         go to state 186
    expression_statement       go to state 190
    selection_statement        go to state 191
    iteration_statement        go to state 192
    jump_statement             go to state 193


State 255

  192 iteration_statement: DO statement • WHILE '(' expression ')' ';'

    WHILE  shift, and go to state 290


State 256

  193 iteration_statement: FOR '(' • expression_opt ';' expression_opt ';' expression_opt ')' statement
  194                    | FOR '(' • declaration expression_opt ';' expression_opt ')' statement

    IDENTIFIER      shift, and go to state 69
    STRING_LITERAL  shift, and go to state 70
    INT_CONSTANT    shift, and go to state 71
    FLOAT_CONSTANT  shift, and go to state 72
    CHAR_CONSTANT   shift, and go to state 73
    AUTO            shift, and go to state 1
    CHAR            shift, and go to state 2
    CONST           shift, and go to state 3
    DOUBLE          shift, and go to state 4
    ENUM            shift, and go to state 5
    EXTERN          shift, and go to state 6
    FLOAT           shift, and go to state 7
    INLINE          shift, and go to state 8
    INT             shift, and go to state 9
    LONG            shift, and go to state 10
    REGISTER        shift, and go to state 11
    RESTRICT        shift, and go to state 12
    SHORT           shift, and go to state 13
    SIGNED          shift, and go to state 14
    SIZEOF          shift, and go to state 74
    STATIC          shift, and go to state 15
    UNSIGNED        shift, and go to state 16
    VOID            shift, and go to state 17
    VOLATILE        shift, and go to state 18
    BOOL            shift, and go to state 19
    COMPLEX         shift, and go to state 20
    IMAGINARY       shift, and go to state 21
    INC_OP          shift, and go to state 75
    DEC_OP          shift, and go to state 76
    '('             shift, and go to state 77
    '&'             shift, and go to state 79
    '*'             shift, and go to state 80
    '+'             shift, and go to state 81
    '-'             shift, and go to state 82
    '~'             shift, and go to state 83
    '!'             shift, and go to state 84

    $default  reduce using rule 80 (expression_opt)

    primary_expression         go to state 85
    postfix_expression         go to state 86
    unary_expression           go to state 87
    unary_operator             go to state 88
    cast_expression            go to state 89
    multiplicative_expression  go to state 90
    additive_expression        go to state 91
    shift_expression           go to state 92
    relational_expression      go to state 93
    equality_expression        go to state 94
    AND_expression             go to state 95
    exclusive_OR_expression    go to state 96
    inclusive_OR_expression    go to state 97
    logical_AND_expression     go to state 98
    logical_OR_expression      go to state 99
    conditional_expression     go to state 100
    assignment_expression      go to state 117
    expression                 go to state 181
    expression_opt             go to state 291
    declaration                go to state 292
    declaration_specifiers     go to state 56
    storage_class_specifier    go to state 24
    type_specifier             go to state 25
    enum_specifier             go to state 26
    type_qualifier             go to state 27
    function_specifier         go to state 28


State 257

  195 jump_statement: GOTO IDENTIFIER • ';'

    ';'  shift, and go to state 293


State 258

  188 selection_statement: IF '(' • expression ')' statement
  189                    | IF '(' • expression ')' statement ELSE statement

    IDENTIFIER      shift, and go to state 69
    STRING_LITERAL  shift, and go to state 70
    INT_CONSTANT    shift, and go to state 71
    FLOAT_CONSTANT  shift, and go to state 72
    CHAR_CONSTANT   shift, and go to state 73
    SIZEOF          shift, and go to state 74
    INC_OP          shift, and go to state 75
    DEC_OP          shift, and go to state 76
    '('             shift, and go to state 77
    '&'             shift, and go to state 79
    '*'             shift, and go to state 80
    '+'             shift, and go to state 81
    '-'             shift, and go to state 82
    '~'             shift, and go to state 83
    '!'             shift, and go to state 84

    primary_expression         go to state 85
    postfix_expression         go to state 86
    unary_expression           go to state 87
    unary_operator             go to state 88
    cast_expression            go to state 89
    multiplicative_expression  go to state 90
    additive_expression        go to state 91
    shift_expression           go to state 92
    relational_expression      go to state 93
    equality_expression        go to state 94
    AND_expression             go to state 95
    exclusive_OR_expression    go to state 96
    inclusive_OR_expression    go to state 97
    logical_AND_expression     go to state 98
    logical_OR_expression      go to state 99
    conditional_expression     go to state 100
    assignment_expression      go to state 117
    expression                 go to state 294


State 259

  198 jump_statement: RETURN expression_opt • ';'

    ';'  shift, and go to state 295


State 260

  190 selection_statement: SWITCH '(' • expression ')' statement

    IDENTIFIER      shift, and go to state 69
    STRING_LITERAL  shift, and go to state 70
    INT_CONSTANT    shift, and go to state 71
    FLOAT_CONSTANT  shift, and go to state 72
    CHAR_CONSTANT   shift, and go to state 73
    SIZEOF          shift, and go to state 74
    INC_OP          shift, and go to state 75
    DEC_OP          shift, and go to state 76
    '('             shift, and go to state 77
    '&'             shift, and go to state 79
    '*'             shift, and go to state 80
    '+'             shift, and go to state 81
    '-'             shift, and go to state 82
    '~'             shift, and go to state 83
    '!'             shift, and go to state 84

    primary_expression         go to state 85
    postfix_expression         go to state 86
    unary_expression           go to state 87
    unary_operator             go to state 88
    cast_expression            go to state 89
    multiplicative_expression  go to state 90
    additive_expression        go to state 91
    shift_expression           go to state 92
    relational_expression      go to state 93
    equality_expression        go to state 94
    AND_expression             go to state 95
    exclusive_OR_expression    go to state 96
    inclusive_OR_expression    go to state 97
    logical_AND_expression     go to state 98
    logical_OR_expression      go to state 99
    conditional_expression     go to state 100
    assignment_expression      go to state 117
    expression                 go to state 296


State 261

  191 iteration_statement: WHILE '(' • expression ')' statement

    IDENTIFIER      shift, and go to state 69
    STRING_LITERAL  shift, and go to state 70
    INT_CONSTANT    shift, and go to state 71
    FLOAT_CONSTANT  shift, and go to state 72
    CHAR_CONSTANT   shift, and go to state 73
    SIZEOF          shift, and go to state 74
    INC_OP          shift, and go to state 75
    DEC_OP          shift, and go to state 76
    '('             shift, and go to state 77
    '&'             shift, and go to state 79
    '*'             shift, and go to state 80
    '+'             shift, and go to state 81
    '-'             shift, and go to state 82
    '~'             shift, and go to state 83
    '!'             shift, and go to state 84

    primary_expression         go to state 85
    postfix_expression         go to state 86
    unary_expression           go to state 87
    unary_operator             go to state 88
    cast_expression            go to state 89
    multiplicative_expression  go to state 90
    additive_expression        go to state 91
    shift_expression           go to state 92
    relational_expression      go to state 93
    equality_expression        go to state 94
    AND_expression             go to state 95
    exclusive_OR_expression    go to state 96
    inclusive_OR_expression    go to state 97
    logical_AND_expression     go to state 98
    logical_OR_expression      go to state 99
    conditional_expression     go to state 100
    assignment_expression      go to state 117
    expression                 go to state 297


State 262

  187 expression_statement: expression_opt ';' •

    $default  reduce using rule 187 (expression_statement)


State 263

  180 compound_statement: '{' block_item_list_opt '}' •

    $default  reduce using rule 180 (compound_statement)


State 264

  184 block_item_list: block_item_list block_item •

    $default  reduce using rule 184 (block_item_list)


State 265

  154 parameter_declaration: declaration_specifiers declarator •

    $default  reduce using rule 154 (parameter_declaration)


State 266

  139 direct_declarator: direct_declarator '(' identifier_list_opt ')' •

    $default  reduce using rule 139 (direct_declarator)


State 267

  138 direct_declarator: direct_declarator '(' parameter_type_list ')' •

    $default  reduce using rule 138 (direct_declarator)


State 268

  151 parameter_type_list: parameter_list ',' • ELLIPSIS
  153 parameter_list: parameter_list ',' • parameter_declaration

    AUTO       shift, and go to state 1
    CHAR       shift, and go to state 2
    CONST      shift, and go to state 3
    DOUBLE     shift, and go to state 4
    ENUM       shift, and go to state 5
    EXTERN     shift, and go to state 6
    FLOAT      shift, and go to state 7
    INLINE     shift, and go to state 8
    INT        shift, and go to state 9
    LONG       shift, and go to state 10
    REGISTER   shift, and go to state 11
    RESTRICT   shift, and go to state 12
    SHORT      shift, and go to state 13
    SIGNED     shift, and go to state 14
    STATIC     shift, and go to state 15
    UNSIGNED   shift, and go to state 16
    VOID       shift, and go to state 17
    VOLATILE   shift, and go to state 18
    BOOL       shift, and go to state 19
    COMPLEX    shift, and go to state 20
    IMAGINARY  shift, and go to state 21
    ELLIPSIS   shift, and go to state 298

    declaration_specifiers   go to state 196
    storage_class_specifier  go to state 24
    type_specifier           go to state 25
    enum_specifier           go to state 26
    type_qualifier           go to state 27
    function_specifier       go to state 28
    parameter_declaration    go to state 299


State 269

  157 identifier_list: identifier_list ',' • IDENTIFIER

    IDENTIFIER  shift, and go to state 300


State 270

  135 direct_declarator: direct_declarator '[' STATIC type_qualifier_list_opt • assignment_expression ']'

    IDENTIFIER      shift, and go to state 69
    STRING_LITERAL  shift, and go to state 70
    INT_CONSTANT    shift, and go to state 71
    FLOAT_CONSTANT  shift, and go to state 72
    CHAR_CONSTANT   shift, and go to state 73
    SIZEOF          shift, and go to state 74
    INC_OP          shift, and go to state 75
    DEC_OP          shift, and go to state 76
    '('             shift, and go to state 77
    '&'             shift, and go to state 79
    '*'             shift, and go to state 80
    '+'             shift, and go to state 81
    '-'             shift, and go to state 82
    '~'             shift, and go to state 83
    '!'             shift, and go to state 84

    primary_expression         go to state 85
    postfix_expression         go to state 86
    unary_expression           go to state 87
    unary_operator             go to state 88
    cast_expression            go to state 89
    multiplicative_expression  go to state 90
    additive_expression        go to state 91
    shift_expression           go to state 92
    relational_expression      go to state 93
    equality_expression        go to state 94
    AND_expression             go to state 95
    exclusive_OR_expression    go to state 96
    inclusive_OR_expression    go to state 97
    logical_AND_expression     go to state 98
    logical_OR_expression      go to state 99
    conditional_expression     go to state 100
    assignment_expression      go to state 301


State 271

  136 direct_declarator: direct_declarator '[' type_qualifier_list STATIC • assignment_expression ']'

    IDENTIFIER      shift, and go to state 69
    STRING_LITERAL  shift, and go to state 70
    INT_CONSTANT    shift, and go to state 71
    FLOAT_CONSTANT  shift, and go to state 72
    CHAR_CONSTANT   shift, and go to state 73
    SIZEOF          shift, and go to state 74
    INC_OP          shift, and go to state 75
    DEC_OP          shift, and go to state 76
    '('             shift, and go to state 77
    '&'             shift, and go to state 79
    '*'             shift, and go to state 80
    '+'             shift, and go to state 81
    '-'             shift, and go to state 82
    '~'             shift, and go to state 83
    '!'             shift, and go to state 84

    primary_expression         go to state 85
    postfix_expression         go to state 86
    unary_expression           go to state 87
    unary_operator             go to state 88
    cast_expression            go to state 89
    multiplicative_expression  go to state 90
    additive_expression        go to state 91
    shift_expression           go to state 92
    relational_expression      go to state 93
    equality_expression        go to state 94
    AND_expression             go to state 95
    exclusive_OR_expression    go to state 96
    inclusive_OR_expression    go to state 97
    logical_AND_expression     go to state 98
    logical_OR_expression      go to state 99
    conditional_expression     go to state 100
    assignment_expression      go to state 302


State 272

   27 unary_operator: '*' •
  137 direct_declarator: direct_declarator '[' type_qualifier_list_opt '*' • ']'

    ']'  shift, and go to state 303

    $default  reduce using rule 27 (unary_operator)


State 273

  140 assignment_expression_opt: assignment_expression •

    $default  reduce using rule 140 (assignment_expression_opt)


State 274

  134 direct_declarator: direct_declarator '[' type_qualifier_list_opt assignment_expression_opt • ']'

    ']'  shift, and go to state 304


State 275

   14 postfix_expression: '(' type_name ')' • '{' initializer_list '}'
   15                   | '(' type_name ')' • '{' initializer_list ',' '}'
   25 unary_expression: SIZEOF '(' type_name ')' •

    '{'  shift, and go to state 278

    $default  reduce using rule 25 (unary_expression)


State 276

   14 postfix_expression: '(' type_name ')' • '{' initializer_list '}'
   15                   | '(' type_name ')' • '{' initializer_list ',' '}'

    '{'  shift, and go to state 278


State 277

   78 expression: expression ',' assignment_expression •

    $default  reduce using rule 78 (expression)


State 278

   14 postfix_expression: '(' type_name ')' '{' • initializer_list '}'
   15                   | '(' type_name ')' '{' • initializer_list ',' '}'

    '['  shift, and go to state 123
    '.'  shift, and go to state 124

    $default  reduce using rule 165 (designation_opt)

    initializer_list  go to state 305
    designation_opt   go to state 126
    designation       go to state 127
    designator_list   go to state 128
    designator        go to state 129


State 279

   33 cast_expression: '(' type_name ')' cast_expression •

    $default  reduce using rule 33 (cast_expression)


State 280

  169 designator: '[' constant_expression ']' •

    $default  reduce using rule 169 (designator)


State 281

  161 initializer: '{' initializer_list ',' '}' •

    $default  reduce using rule 161 (initializer)


State 282

  163 initializer_list: initializer_list ',' designation_opt • initializer

    IDENTIFIER      shift, and go to state 69
    STRING_LITERAL  shift, and go to state 70
    INT_CONSTANT    shift, and go to state 71
    FLOAT_CONSTANT  shift, and go to state 72
    CHAR_CONSTANT   shift, and go to state 73
    SIZEOF          shift, and go to state 74
    INC_OP          shift, and go to state 75
    DEC_OP          shift, and go to state 76
    '('             shift, and go to state 77
    '{'             shift, and go to state 78
    '&'             shift, and go to state 79
    '*'             shift, and go to state 80
    '+'             shift, and go to state 81
    '-'             shift, and go to state 82
    '~'             shift, and go to state 83
    '!'             shift, and go to state 84

    primary_expression         go to state 85
    postfix_expression         go to state 86
    unary_expression           go to state 87
    unary_operator             go to state 88
    cast_expression            go to state 89
    multiplicative_expression  go to state 90
    additive_expression        go to state 91
    shift_expression           go to state 92
    relational_expression      go to state 93
    equality_expression        go to state 94
    AND_expression             go to state 95
    exclusive_OR_expression    go to state 96
    inclusive_OR_expression    go to state 97
    logical_AND_expression     go to state 98
    logical_OR_expression      go to state 99
    conditional_expression     go to state 100
    assignment_expression      go to state 101
    initializer                go to state 306


State 283

    9 postfix_expression: postfix_expression '(' argument_expression_list_opt ')' •

    $default  reduce using rule 9 (postfix_expression)


State 284

   19 argument_expression_list: argument_expression_list ',' • assignment_expression

    IDENTIFIER      shift, and go to state 69
    STRING_LITERAL  shift, and go to state 70
    INT_CONSTANT    shift, and go to state 71
    FLOAT_CONSTANT  shift, and go to state 72
    CHAR_CONSTANT   shift, and go to state 73
    SIZEOF          shift, and go to state 74
    INC_OP          shift, and go to state 75
    DEC_OP          shift, and go to state 76
    '('             shift, and go to state 77
    '&'             shift, and go to state 79
    '*'             shift, and go to state 80
    '+'             shift, and go to state 81
    '-'             shift, and go to state 82
    '~'             shift, and go to state 83
    '!'             shift, and go to state 84

    primary_expression         go to state 85
    postfix_expression         go to state 86
    unary_expression           go to state 87
    unary_operator             go to state 88
    cast_expression            go to state 89
    multiplicative_expression  go to state 90
    additive_expression        go to state 91
    shift_expression           go to state 92
    relational_expression      go to state 93
    equality_expression        go to state 94
    AND_expression             go to state 95
    exclusive_OR_expression    go to state 96
    inclusive_OR_expression    go to state 97
    logical_AND_expression     go to state 98
    logical_OR_expression      go to state 99
    conditional_expression     go to state 100
    assignment_expression      go to state 307


State 285

    8 postfix_expression: postfix_expression '[' expression ']' •

    $default  reduce using rule 8 (postfix_expression)


State 286

   63 conditional_expression: logical_OR_expression '?' expression ':' • conditional_expression

    IDENTIFIER      shift, and go to state 69
    STRING_LITERAL  shift, and go to state 70
    INT_CONSTANT    shift, and go to state 71
    FLOAT_CONSTANT  shift, and go to state 72
    CHAR_CONSTANT   shift, and go to state 73
    SIZEOF          shift, and go to state 74
    INC_OP          shift, and go to state 75
    DEC_OP          shift, and go to state 76
    '('             shift, and go to state 77
    '&'             shift, and go to state 79
    '*'             shift, and go to state 80
    '+'             shift, and go to state 81
    '-'             shift, and go to state 82
    '~'             shift, and go to state 83
    '!'             shift, and go to state 84

    primary_expression         go to state 85
    postfix_expression         go to state 86
    unary_expression           go to state 148
    unary_operator             go to state 88
    cast_expression            go to state 89
    multiplicative_expression  go to state 90
    additive_expression        go to state 91
    shift_expression           go to state 92
    relational_expression      go to state 93
    equality_expression        go to state 94
    AND_expression             go to state 95
    exclusive_OR_expression    go to state 96
    inclusive_OR_expression    go to state 97
    logical_AND_expression     go to state 98
    logical_OR_expression      go to state 99
    conditional_expression     go to state 308


State 287

  177 labeled_statement: IDENTIFIER ':' statement •

    $default  reduce using rule 177 (labeled_statement)


State 288

  178 labeled_statement: CASE constant_expression ':' • statement

    IDENTIFIER      shift, and go to state 169
    STRING_LITERAL  shift, and go to state 70
    INT_CONSTANT    shift, and go to state 71
    FLOAT_CONSTANT  shift, and go to state 72
    CHAR_CONSTANT   shift, and go to state 73
    BREAK           shift, and go to state 170
    CASE            shift, and go to state 171
    CONTINUE        shift, and go to state 172
    DEFAULT         shift, and go to state 173
    DO              shift, and go to state 174
    FOR             shift, and go to state 175
    GOTO            shift, and go to state 176
    IF              shift, and go to state 177
    RETURN          shift, and go to state 178
    SIZEOF          shift, and go to state 74
    SWITCH          shift, and go to state 179
    WHILE           shift, and go to state 180
    INC_OP          shift, and go to state 75
    DEC_OP          shift, and go to state 76
    '('             shift, and go to state 77
    '{'             shift, and go to state 103
    '&'             shift, and go to state 79
    '*'             shift, and go to state 80
    '+'             shift, and go to state 81
    '-'             shift, and go to state 82
    '~'             shift, and go to state 83
    '!'             shift, and go to state 84

    $default  reduce using rule 80 (expression_opt)

    primary_expression         go to state 85
    postfix_expression         go to state 86
    unary_expression           go to state 87
    unary_operator             go to state 88
    cast_expression            go to state 89
    multiplicative_expression  go to state 90
    additive_expression        go to state 91
    shift_expression           go to state 92
    relational_expression      go to state 93
    equality_expression        go to state 94
    AND_expression             go to state 95
    exclusive_OR_expression    go to state 96
    inclusive_OR_expression    go to state 97
    logical_AND_expression     go to state 98
    logical_OR_expression      go to state 99
    conditional_expression     go to state 100
    assignment_expression      go to state 117
    expression                 go to state 181
    expression_opt             go to state 182
    statement                  go to state 309
    labeled_statement          go to state 185
    compound_statement         go to state 186
    expression_statement       go to state 190
    selection_statement        go to state 191
    iteration_statement        go to state 192
    jump_statement             go to state 193


State 289

  179 labeled_statement: DEFAULT ':' statement •

    $default  reduce using rule 179 (labeled_statement)


State 290

  192 iteration_statement: DO statement WHILE • '(' expression ')' ';'

    '('  shift, and go to state 310


State 291

  193 iteration_statement: FOR '(' expression_opt • ';' expression_opt ';' expression_opt ')' statement

    ';'  shift, and go to state 311


State 292

  194 iteration_statement: FOR '(' declaration • expression_opt ';' expression_opt ')' statement

    IDENTIFIER      shift, and go to state 69
    STRING_LITERAL  shift, and go to state 70
    INT_CONSTANT    shift, and go to state 71
    FLOAT_CONSTANT  shift, and go to state 72
    CHAR_CONSTANT   shift, and go to state 73
    SIZEOF          shift, and go to state 74
    INC_OP          shift, and go to state 75
    DEC_OP          shift, and go to state 76
    '('             shift, and go to state 77
    '&'             shift, and go to state 79
    '*'             shift, and go to state 80
    '+'             shift, and go to state 81
    '-'             shift, and go to state 82
    '~'             shift, and go to state 83
    '!'             shift, and go to state 84

    $default  reduce using rule 80 (expression_opt)

    primary_expression         go to state 85
    postfix_expression         go to state 86
    unary_expression           go to state 87
    unary_operator             go to state 88
    cast_expression            go to state 89
    multiplicative_expression  go to state 90
    additive_expression        go to state 91
    shift_expression           go to state 92
    relational_expression      go to state 93
    equality_expression        go to state 94
    AND_expression             go to state 95
    exclusive_OR_expression    go to state 96
    inclusive_OR_expression    go to state 97
    logical_AND_expression     go to state 98
    logical_OR_expression      go to state 99
    conditional_expression     go to state 100
    assignment_expression      go to state 117
    expression                 go to state 181
    expression_opt             go to state 312


State 293

  195 jump_statement: GOTO IDENTIFIER ';' •

    $default  reduce using rule 195 (jump_statement)


State 294

   78 expression: expression • ',' assignment_expression
  188 selection_statement: IF '(' expression • ')' statement
  189                    | IF '(' expression • ')' statement ELSE statement

    ')'  shift, and go to state 313
    ','  shift, and go to state 212


State 295

  198 jump_statement: RETURN expression_opt ';' •

    $default  reduce using rule 198 (jump_statement)


State 296

   78 expression: expression • ',' assignment_expression
  190 selection_statement: SWITCH '(' expression • ')' statement

    ')'  shift, and go to state 314
    ','  shift, and go to state 212


State 297

   78 expression: expression • ',' assignment_expression
  191 iteration_statement: WHILE '(' expression • ')' statement

    ')'  shift, and go to state 315
    ','  shift, and go to state 212


State 298

  151 parameter_type_list: parameter_list ',' ELLIPSIS •

    $default  reduce using rule 151 (parameter_type_list)


State 299

  153 parameter_list: parameter_list ',' parameter_declaration •

    $default  reduce using rule 153 (parameter_list)


State 300

  157 identifier_list: identifier_list ',' IDENTIFIER •

    $default  reduce using rule 157 (identifier_list)


State 301

  135 direct_declarator: direct_declarator '[' STATIC type_qualifier_list_opt assignment_expression • ']'

    ']'  shift, and go to state 316


State 302

  136 direct_declarator: direct_declarator '[' type_qualifier_list STATIC assignment_expression • ']'

    ']'  shift, and go to state 317


State 303

  137 direct_declarator: direct_declarator '[' type_qualifier_list_opt '*' ']' •

    $default  reduce using rule 137 (direct_declarator)


State 304

  134 direct_declarator: direct_declarator '[' type_qualifier_list_opt assignment_expression_opt ']' •

    $default  reduce using rule 134 (direct_declarator)


State 305

   14 postfix_expression: '(' type_name ')' '{' initializer_list • '}'
   15                   | '(' type_name ')' '{' initializer_list • ',' '}'
  163 initializer_list: initializer_list • ',' designation_opt initializer

    '}'  shift, and go to state 318
    ','  shift, and go to state 319


State 306

  163 initializer_list: initializer_list ',' designation_opt initializer •

    $default  reduce using rule 163 (initializer_list)


State 307

   19 argument_expression_list: argument_expression_list ',' assignment_expression •

    $default  reduce using rule 19 (argument_expression_list)


State 308

   63 conditional_expression: logical_OR_expression '?' expression ':' conditional_expression •

    $default  reduce using rule 63 (conditional_expression)


State 309

  178 labeled_statement: CASE constant_expression ':' statement •

    $default  reduce using rule 178 (labeled_statement)


State 310

  192 iteration_statement: DO statement WHILE '(' • expression ')' ';'

    IDENTIFIER      shift, and go to state 69
    STRING_LITERAL  shift, and go to state 70
    INT_CONSTANT    shift, and go to state 71
    FLOAT_CONSTANT  shift, and go to state 72
    CHAR_CONSTANT   shift, and go to state 73
    SIZEOF          shift, and go to state 74
    INC_OP          shift, and go to state 75
    DEC_OP          shift, and go to state 76
    '('             shift, and go to state 77
    '&'             shift, and go to state 79
    '*'             shift, and go to state 80
    '+'             shift, and go to state 81
    '-'             shift, and go to state 82
    '~'             shift, and go to state 83
    '!'             shift, and go to state 84

    primary_expression         go to state 85
    postfix_expression         go to state 86
    unary_expression           go to state 87
    unary_operator             go to state 88
    cast_expression            go to state 89
    multiplicative_expression  go to state 90
    additive_expression        go to state 91
    shift_expression           go to state 92
    relational_expression      go to state 93
    equality_expression        go to state 94
    AND_expression             go to state 95
    exclusive_OR_expression    go to state 96
    inclusive_OR_expression    go to state 97
    logical_AND_expression     go to state 98
    logical_OR_expression      go to state 99
    conditional_expression     go to state 100
    assignment_expression      go to state 117
    expression                 go to state 320


State 311

  193 iteration_statement: FOR '(' expression_opt ';' • expression_opt ';' expression_opt ')' statement

    IDENTIFIER      shift, and go to state 69
    STRING_LITERAL  shift, and go to state 70
    INT_CONSTANT    shift, and go to state 71
    FLOAT_CONSTANT  shift, and go to state 72
    CHAR_CONSTANT   shift, and go to state 73
    SIZEOF          shift, and go to state 74
    INC_OP          shift, and go to state 75
    DEC_OP          shift, and go to state 76
    '('             shift, and go to state 77
    '&'             shift, and go to state 79
    '*'             shift, and go to state 80
    '+'             shift, and go to state 81
    '-'             shift, and go to state 82
    '~'             shift, and go to state 83
    '!'             shift, and go to state 84

    $default  reduce using rule 80 (expression_opt)

    primary_expression         go to state 85
    postfix_expression         go to state 86
    unary_expression           go to state 87
    unary_operator             go to state 88
    cast_expression            go to state 89
    multiplicative_expression  go to state 90
    additive_expression        go to state 91
    shift_expression           go to state 92
    relational_expression      go to state 93
    equality_expression        go to state 94
    AND_expression             go to state 95
    exclusive_OR_expression    go to state 96
    inclusive_OR_expression    go to state 97
    logical_AND_expression     go to state 98
    logical_OR_expression      go to state 99
    conditional_expression     go to state 100
    assignment_expression      go to state 117
    expression                 go to state 181
    expression_opt             go to state 321


State 312

  194 iteration_statement: FOR '(' declaration expression_opt • ';' expression_opt ')' statement

    ';'  shift, and go to state 322


State 313

  188 selection_statement: IF '(' expression ')' • statement
  189                    | IF '(' expression ')' • statement ELSE statement

    IDENTIFIER      shift, and go to state 169
    STRING_LITERAL  shift, and go to state 70
    INT_CONSTANT    shift, and go to state 71
    FLOAT_CONSTANT  shift, and go to state 72
    CHAR_CONSTANT   shift, and go to state 73
    BREAK           shift, and go to state 170
    CASE            shift, and go to state 171
    CONTINUE        shift, and go to state 172
    DEFAULT         shift, and go to state 173
    DO              shift, and go to state 174
    FOR             shift, and go to state 175
    GOTO            shift, and go to state 176
    IF              shift, and go to state 177
    RETURN          shift, and go to state 178
    SIZEOF          shift, and go to state 74
    SWITCH          shift, and go to state 179
    WHILE           shift, and go to state 180
    INC_OP          shift, and go to state 75
    DEC_OP          shift, and go to state 76
    '('             shift, and go to state 77
    '{'             shift, and go to state 103
    '&'             shift, and go to state 79
    '*'             shift, and go to state 80
    '+'             shift, and go to state 81
    '-'             shift, and go to state 82
    '~'             shift, and go to state 83
    '!'             shift, and go to state 84

    $default  reduce using rule 80 (expression_opt)

    primary_expression         go to state 85
    postfix_expression         go to state 86
    unary_expression           go to state 87
    unary_operator             go to state 88
    cast_expression            go to state 89
    multiplicative_expression  go to state 90
    additive_expression        go to state 91
    shift_expression           go to state 92
    relational_expression      go to state 93
    equality_expression        go to state 94
    AND_expression             go to state 95
    exclusive_OR_expression    go to state 96
    inclusive_OR_expression    go to state 97
    logical_AND_expression     go to state 98
    logical_OR_expression      go to state 99
    conditional_expression     go to state 100
    assignment_expression      go to state 117
    expression                 go to state 181
    expression_opt             go to state 182
    statement                  go to state 323
    labeled_statement          go to state 185
    compound_statement         go to state 186
    expression_statement       go to state 190
    selection_statement        go to state 191
    iteration_statement        go to state 192
    jump_statement             go to state 193


State 314

  190 selection_statement: SWITCH '(' expression ')' • statement

    IDENTIFIER      shift, and go to state 169
    STRING_LITERAL  shift, and go to state 70
    INT_CONSTANT    shift, and go to state 71
    FLOAT_CONSTANT  shift, and go to state 72
    CHAR_CONSTANT   shift, and go to state 73
    BREAK           shift, and go to state 170
    CASE            shift, and go to state 171
    CONTINUE        shift, and go to state 172
    DEFAULT         shift, and go to state 173
    DO              shift, and go to state 174
    FOR             shift, and go to state 175
    GOTO            shift, and go to state 176
    IF              shift, and go to state 177
    RETURN          shift, and go to state 178
    SIZEOF          shift, and go to state 74
    SWITCH          shift, and go to state 179
    WHILE           shift, and go to state 180
    INC_OP          shift, and go to state 75
    DEC_OP          shift, and go to state 76
    '('             shift, and go to state 77
    '{'             shift, and go to state 103
    '&'             shift, and go to state 79
    '*'             shift, and go to state 80
    '+'             shift, and go to state 81
    '-'             shift, and go to state 82
    '~'             shift, and go to state 83
    '!'             shift, and go to state 84

    $default  reduce using rule 80 (expression_opt)

    primary_expression         go to state 85
    postfix_expression         go to state 86
    unary_expression           go to state 87
    unary_operator             go to state 88
    cast_expression            go to state 89
    multiplicative_expression  go to state 90
    additive_expression        go to state 91
    shift_expression           go to state 92
    relational_expression      go to state 93
    equality_expression        go to state 94
    AND_expression             go to state 95
    exclusive_OR_expression    go to state 96
    inclusive_OR_expression    go to state 97
    logical_AND_expression     go to state 98
    logical_OR_expression      go to state 99
    conditional_expression     go to state 100
    assignment_expression      go to state 117
    expression                 go to state 181
    expression_opt             go to state 182
    statement                  go to state 324
    labeled_statement          go to state 185
    compound_statement         go to state 186
    expression_statement       go to state 190
    selection_statement        go to state 191
    iteration_statement        go to state 192
    jump_statement             go to state 193


State 315

  191 iteration_statement: WHILE '(' expression ')' • statement

    IDENTIFIER      shift, and go to state 169
    STRING_LITERAL  shift, and go to state 70
    INT_CONSTANT    shift, and go to state 71
    FLOAT_CONSTANT  shift, and go to state 72
    CHAR_CONSTANT   shift, and go to state 73
    BREAK           shift, and go to state 170
    CASE            shift, and go to state 171
    CONTINUE        shift, and go to state 172
    DEFAULT         shift, and go to state 173
    DO              shift, and go to state 174
    FOR             shift, and go to state 175
    GOTO            shift, and go to state 176
    IF              shift, and go to state 177
    RETURN          shift, and go to state 178
    SIZEOF          shift, and go to state 74
    SWITCH          shift, and go to state 179
    WHILE           shift, and go to state 180
    INC_OP          shift, and go to state 75
    DEC_OP          shift, and go to state 76
    '('             shift, and go to state 77
    '{'             shift, and go to state 103
    '&'             shift, and go to state 79
    '*'             shift, and go to state 80
    '+'             shift, and go to state 81
    '-'             shift, and go to state 82
    '~'             shift, and go to state 83
    '!'             shift, and go to state 84

    $default  reduce using rule 80 (expression_opt)

    primary_expression         go to state 85
    postfix_expression         go to state 86
    unary_expression           go to state 87
    unary_operator             go to state 88
    cast_expression            go to state 89
    multiplicative_expression  go to state 90
    additive_expression        go to state 91
    shift_expression           go to state 92
    relational_expression      go to state 93
    equality_expression        go to state 94
    AND_expression             go to state 95
    exclusive_OR_expression    go to state 96
    inclusive_OR_expression    go to state 97
    logical_AND_expression     go to state 98
    logical_OR_expression      go to state 99
    conditional_expression     go to state 100
    assignment_expression      go to state 117
    expression                 go to state 181
    expression_opt             go to state 182
    statement                  go to state 325
    labeled_statement          go to state 185
    compound_statement         go to state 186
    expression_statement       go to state 190
    selection_statement        go to state 191
    iteration_statement        go to state 192
    jump_statement             go to state 193


State 316

  135 direct_declarator: direct_declarator '[' STATIC type_qualifier_list_opt assignment_expression ']' •

    $default  reduce using rule 135 (direct_declarator)


State 317

  136 direct_declarator: direct_declarator '[' type_qualifier_list STATIC assignment_expression ']' •

    $default  reduce using rule 136 (direct_declarator)


State 318

   14 postfix_expression: '(' type_name ')' '{' initializer_list '}' •

    $default  reduce using rule 14 (postfix_expression)


State 319

   15 postfix_expression: '(' type_name ')' '{' initializer_list ',' • '}'
  163 initializer_list: initializer_list ',' • designation_opt initializer

    '['  shift, and go to state 123
    '.'  shift, and go to state 124
    '}'  shift, and go to state 326

    $default  reduce using rule 165 (designation_opt)

    designation_opt  go to state 282
    designation      go to state 127
    designator_list  go to state 128
    designator       go to state 129


State 320

   78 expression: expression • ',' assignment_expression
  192 iteration_statement: DO statement WHILE '(' expression • ')' ';'

    ')'  shift, and go to state 327
    ','  shift, and go to state 212


State 321

  193 iteration_statement: FOR '(' expression_opt ';' expression_opt • ';' expression_opt ')' statement

    ';'  shift, and go to state 328


State 322

  194 iteration_statement: FOR '(' declaration expression_opt ';' • expression_opt ')' statement

    IDENTIFIER      shift, and go to state 69
    STRING_LITERAL  shift, and go to state 70
    INT_CONSTANT    shift, and go to state 71
    FLOAT_CONSTANT  shift, and go to state 72
    CHAR_CONSTANT   shift, and go to state 73
    SIZEOF          shift, and go to state 74
    INC_OP          shift, and go to state 75
    DEC_OP          shift, and go to state 76
    '('             shift, and go to state 77
    '&'             shift, and go to state 79
    '*'             shift, and go to state 80
    '+'             shift, and go to state 81
    '-'             shift, and go to state 82
    '~'             shift, and go to state 83
    '!'             shift, and go to state 84

    $default  reduce using rule 80 (expression_opt)

    primary_expression         go to state 85
    postfix_expression         go to state 86
    unary_expression           go to state 87
    unary_operator             go to state 88
    cast_expression            go to state 89
    multiplicative_expression  go to state 90
    additive_expression        go to state 91
    shift_expression           go to state 92
    relational_expression      go to state 93
    equality_expression        go to state 94
    AND_expression             go to state 95
    exclusive_OR_expression    go to state 96
    inclusive_OR_expression    go to state 97
    logical_AND_expression     go to state 98
    logical_OR_expression      go to state 99
    conditional_expression     go to state 100
    assignment_expression      go to state 117
    expression                 go to state 181
    expression_opt             go to state 329


State 323

  188 selection_statement: IF '(' expression ')' statement •
  189                    | IF '(' expression ')' statement • ELSE statement

    ELSE  shift, and go to state 330

    $default  reduce using rule 188 (selection_statement)


State 324

  190 selection_statement: SWITCH '(' expression ')' statement •

    $default  reduce using rule 190 (selection_statement)


State 325

  191 iteration_statement: WHILE '(' expression ')' statement •

    $default  reduce using rule 191 (iteration_statement)


State 326

   15 postfix_expression: '(' type_name ')' '{' initializer_list ',' '}' •

    $default  reduce using rule 15 (postfix_expression)


State 327

  192 iteration_statement: DO statement WHILE '(' expression ')' • ';'

    ';'  shift, and go to state 331


State 328

  193 iteration_statement: FOR '(' expression_opt ';' expression_opt ';' • expression_opt ')' statement

    IDENTIFIER      shift, and go to state 69
    STRING_LITERAL  shift, and go to state 70
    INT_CONSTANT    shift, and go to state 71
    FLOAT_CONSTANT  shift, and go to state 72
    CHAR_CONSTANT   shift, and go to state 73
    SIZEOF          shift, and go to state 74
    INC_OP          shift, and go to state 75
    DEC_OP          shift, and go to state 76
    '('             shift, and go to state 77
    '&'             shift, and go to state 79
    '*'             shift, and go to state 80
    '+'             shift, and go to state 81
    '-'             shift, and go to state 82
    '~'             shift, and go to state 83
    '!'             shift, and go to state 84

    $default  reduce using rule 80 (expression_opt)

    primary_expression         go to state 85
    postfix_expression         go to state 86
    unary_expression           go to state 87
    unary_operator             go to state 88
    cast_expression            go to state 89
    multiplicative_expression  go to state 90
    additive_expression        go to state 91
    shift_expression           go to state 92
    relational_expression      go to state 93
    equality_expression        go to state 94
    AND_expression             go to state 95
    exclusive_OR_expression    go to state 96
    inclusive_OR_expression    go to state 97
    logical_AND_expression     go to state 98
    logical_OR_expression      go to state 99
    conditional_expression     go to state 100
    assignment_expression      go to state 117
    expression                 go to state 181
    expression_opt             go to state 332


State 329

  194 iteration_statement: FOR '(' declaration expression_opt ';' expression_opt • ')' statement

    ')'  shift, and go to state 333


State 330

  189 selection_statement: IF '(' expression ')' statement ELSE • statement

    IDENTIFIER      shift, and go to state 169
    STRING_LITERAL  shift, and go to state 70
    INT_CONSTANT    shift, and go to state 71
    FLOAT_CONSTANT  shift, and go to state 72
    CHAR_CONSTANT   shift, and go to state 73
    BREAK           shift, and go to state 170
    CASE            shift, and go to state 171
    CONTINUE        shift, and go to state 172
    DEFAULT         shift, and go to state 173
    DO              shift, and go to state 174
    FOR             shift, and go to state 175
    GOTO            shift, and go to state 176
    IF              shift, and go to state 177
    RETURN          shift, and go to state 178
    SIZEOF          shift, and go to state 74
    SWITCH          shift, and go to state 179
    WHILE           shift, and go to state 180
    INC_OP          shift, and go to state 75
    DEC_OP          shift, and go to state 76
    '('             shift, and go to state 77
    '{'             shift, and go to state 103
    '&'             shift, and go to state 79
    '*'             shift, and go to state 80
    '+'             shift, and go to state 81
    '-'             shift, and go to state 82
    '~'             shift, and go to state 83
    '!'             shift, and go to state 84

    $default  reduce using rule 80 (expression_opt)

    primary_expression         go to state 85
    postfix_expression         go to state 86
    unary_expression           go to state 87
    unary_operator             go to state 88
    cast_expression            go to state 89
    multiplicative_expression  go to state 90
    additive_expression        go to state 91
    shift_expression           go to state 92
    relational_expression      go to state 93
    equality_expression        go to state 94
    AND_expression             go to state 95
    exclusive_OR_expression    go to state 96
    inclusive_OR_expression    go to state 97
    logical_AND_expression     go to state 98
    logical_OR_expression      go to state 99
    conditional_expression     go to state 100
    assignment_expression      go to state 117
    expression                 go to state 181
    expression_opt             go to state 182
    statement                  go to state 334
    labeled_statement          go to state 185
    compound_statement         go to state 186
    expression_statement       go to state 190
    selection_statement        go to state 191
    iteration_statement        go to state 192
    jump_statement             go to state 193


State 331

  192 iteration_statement: DO statement WHILE '(' expression ')' ';' •

    $default  reduce using rule 192 (iteration_statement)


State 332

  193 iteration_statement: FOR '(' expression_opt ';' expression_opt ';' expression_opt • ')' statement

    ')'  shift, and go to state 335


State 333

  194 iteration_statement: FOR '(' declaration expression_opt ';' expression_opt ')' • statement

    IDENTIFIER      shift, and go to state 169
    STRING_LITERAL  shift, and go to state 70
    INT_CONSTANT    shift, and go to state 71
    FLOAT_CONSTANT  shift, and go to state 72
    CHAR_CONSTANT   shift, and go to state 73
    BREAK           shift, and go to state 170
    CASE            shift, and go to state 171
    CONTINUE        shift, and go to state 172
    DEFAULT         shift, and go to state 173
    DO              shift, and go to state 174
    FOR             shift, and go to state 175
    GOTO            shift, and go to state 176
    IF              shift, and go to state 177
    RETURN          shift, and go to state 178
    SIZEOF          shift, and go to state 74
    SWITCH          shift, and go to state 179
    WHILE           shift, and go to state 180
    INC_OP          shift, and go to state 75
    DEC_OP          shift, and go to state 76
    '('             shift, and go to state 77
    '{'             shift, and go to state 103
    '&'             shift, and go to state 79
    '*'             shift, and go to state 80
    '+'             shift, and go to state 81
    '-'             shift, and go to state 82
    '~'             shift, and go to state 83
    '!'             shift, and go to state 84

    $default  reduce using rule 80 (expression_opt)

    primary_expression         go to state 85
    postfix_expression         go to state 86
    unary_expression           go to state 87
    unary_operator             go to state 88
    cast_expression            go to state 89
    multiplicative_expression  go to state 90
    additive_expression        go to state 91
    shift_expression           go to state 92
    relational_expression      go to state 93
    equality_expression        go to state 94
    AND_expression             go to state 95
    exclusive_OR_expression    go to state 96
    inclusive_OR_expression    go to state 97
    logical_AND_expression     go to state 98
    logical_OR_expression      go to state 99
    conditional_expression     go to state 100
    assignment_expression      go to state 117
    expression                 go to state 181
    expression_opt             go to state 182
    statement                  go to state 336
    labeled_statement          go to state 185
    compound_statement         go to state 186
    expression_statement       go to state 190
    selection_statement        go to state 191
    iteration_statement        go to state 192
    jump_statement             go to state 193


State 334

  189 selection_statement: IF '(' expression ')' statement ELSE statement •

    $default  reduce using rule 189 (selection_statement)


State 335

  193 iteration_statement: FOR '(' expression_opt ';' expression_opt ';' expression_opt ')' • statement

    IDENTIFIER      shift, and go to state 169
    STRING_LITERAL  shift, and go to state 70
    INT_CONSTANT    shift, and go to state 71
    FLOAT_CONSTANT  shift, and go to state 72
    CHAR_CONSTANT   shift, and go to state 73
    BREAK           shift, and go to state 170
    CASE            shift, and go to state 171
    CONTINUE        shift, and go to state 172
    DEFAULT         shift, and go to state 173
    DO              shift, and go to state 174
    FOR             shift, and go to state 175
    GOTO            shift, and go to state 176
    IF              shift, and go to state 177
    RETURN          shift, and go to state 178
    SIZEOF          shift, and go to state 74
    SWITCH          shift, and go to state 179
    WHILE           shift, and go to state 180
    INC_OP          shift, and go to state 75
    DEC_OP          shift, and go to state 76
    '('             shift, and go to state 77
    '{'             shift, and go to state 103
    '&'             shift, and go to state 79
    '*'             shift, and go to state 80
    '+'             shift, and go to state 81
    '-'             shift, and go to state 82
    '~'             shift, and go to state 83
    '!'             shift, and go to state 84

    $default  reduce using rule 80 (expression_opt)

    primary_expression         go to state 85
    postfix_expression         go to state 86
    unary_expression           go to state 87
    unary_operator             go to state 88
    cast_expression            go to state 89
    multiplicative_expression  go to state 90
    additive_expression        go to state 91
    shift_expression           go to state 92
    relational_expression      go to state 93
    equality_expression        go to state 94
    AND_expression             go to state 95
    exclusive_OR_expression    go to state 96
    inclusive_OR_expression    go to state 97
    logical_AND_expression     go to state 98
    logical_OR_expression      go to state 99
    conditional_expression     go to state 100
    assignment_expression      go to state 117
    expression                 go to state 181
    expression_opt             go to state 182
    statement                  go to state 337
    labeled_statement          go to state 185
    compound_statement         go to state 186
    expression_statement       go to state 190
    selection_statement        go to state 191
    iteration_statement        go to state 192
    jump_statement             go to state 193


State 336

  194 iteration_statement: FOR '(' declaration expression_opt ';' expression_opt ')' statement •

    $default  reduce using rule 194 (iteration_statement)


State 337

  193 iteration_statement: FOR '(' expression_opt ';' expression_opt ';' expression_opt ')' statement •

    $default  reduce using rule 193 (iteration_statement)
